{
  "@context": {
    "@vocab": "http://schema.org/",
    "goog": "http://schema.googleapis.com/",
    "EntitySearchResult": "goog:EntitySearchResult",
    "detailedDescription": "goog:detailedDescription",
    "resultScore": "goog:resultScore",
    "kg": "http://g.co/kg"
  },
  "@type": "ItemList",
  "itemListElement": [
    {
      "@type": "EntitySearchResult",
      "result": {
        "@id": "kg:/m/06qjgc",
        "name": "Lionel Messi",
        "@type": [
          "Person",
          "Thing"
        ],
        "description": "Soccer player",
        "image": {
          "contentUrl": "http://t2.gstatic.com/images?q=tbn:ANd9GcSe6yUDpMNN2k5pr9L_ObDl4XqxGPmqlmnSuCUGXaZJYyVN-oCm",
          "url": "https://en.wikipedia.org/wiki/Lionel_Messi",
          "license": "http://creativecommons.org/licenses/by-sa/3.0"
        },
        "detailedDescription": {
          "articleBody": "Lionel Andrés \"Leo\" Messi is an Argentine professional footballer who plays as a forward for Spanish club Barcelona and the Argentina national team. ",
          "url": "http://en.wikipedia.org/wiki/Lionel_Messi",
          "license": "https://en.wikipedia.org/wiki/Wikipedia:Text_of_Creative_Commons_Attribution-ShareAlike_3.0_Unported_License"
        },
        "url": "http://www.leomessi.com/"
      },
      "resultScore": 814.687683
    },
    {
      "@type": "EntitySearchResult",
      "result": {
        "@id": "kg:/m/07k7ht5",
        "name": "Juan Iturbe",
        "@type": [
          "Thing",
          "Person"
        ],
        "description": "Soccer player",
        "image": {
          "contentUrl": "http://t0.gstatic.com/images?q=tbn:ANd9GcQOnvBT7XzskGVL0ycOD-J-q2TsIKI2W5iVQOM5nvMcFdwXZY_r",
          "url": "https://en.wikipedia.org/wiki/Juan_Iturbe",
          "license": "http://creativecommons.org/licenses/by-sa/2.0"
        },
        "detailedDescription": {
          "articleBody": "Juan Manuel Iturbe Arévalos is a professional footballer who plays as a forward for English club Bournemouth, on loan from Italian club Roma.\n",
          "url": "http://en.wikipedia.org/wiki/Juan_Iturbe",
          "license": "https://en.wikipedia.org/wiki/Wikipedia:Text_of_Creative_Commons_Attribution-ShareAlike_3.0_Unported_License"
        }
      },
      "resultScore": 223.450729
    },
    {
      "@type": "EntitySearchResult",
      "result": {
        "@id": "kg:/g/1xy317bc",
        "@type": [
          "Person",
          "Thing"
        ]
      },
      "resultScore": 156.448608
    },
    {
      "@type": "EntitySearchResult",
      "result": {
        "@id": "kg:/m/0_j_7fy",
        "name": "Lionel Messi Rap",
        "@type": [
          "MusicRecording",
          "Thing"
        ],
        "description": "Song by Frenkie"
      },
      "resultScore": 154.429703
    },
    {
      "@type": "EntitySearchResult",
      "result": {
        "@id": "kg:/g/11btx0m6b7",
        "name": "Lionel Messi Rap",
        "@type": [
          "Thing"
        ],
        "description": "Song by Frenkie"
      },
      "resultScore": 103.75042
    },
    {
      "@type": "EntitySearchResult",
      "result": {
        "@id": "kg:/m/0xmsnj_",
        "name": "Leo Messi",
        "@type": [
          "Thing"
        ],
        "description": "Fictional Character"
      },
      "resultScore": 65.070107
    },
    {
      "@type": "EntitySearchResult",
      "result": {
        "@id": "kg:/m/0ch4hfn",
        "name": "FIFA Ballon d'Or",
        "@type": [
          "Thing"
        ],
        "description": "Award",
        "image": {
          "contentUrl": "http://t1.gstatic.com/images?q=tbn:ANd9GcSnbydGWIpjgZ4zl_-p9isG6rwDiS6U4ollGEKOBKILPpSTvFSk",
          "url": "http://www.wikiwand.com/en/FIFA_Ballon_d'Or",
          "license": "http://creativecommons.org/licenses/by/3.0/br/deed.en"
        },
        "detailedDescription": {
          "articleBody": "The FIFA Ballon d'Or is an annual association football award given to the world's best male player by the sport's governing body, FIFA, and the French publication France Football since 2010. ",
          "url": "http://en.wikipedia.org/wiki/FIFA_Ballon_d'Or",
          "license": "https://en.wikipedia.org/wiki/Wikipedia:Text_of_Creative_Commons_Attribution-ShareAlike_3.0_Unported_License"
        }
      },
      "resultScore": 39.857277
    },
    {
      "@type": "EntitySearchResult",
      "result": {
        "@id": "kg:/g/11btk0jj14",
        "name": "Messi",
        "@type": [
          "Movie",
          "Thing"
        ],
        "description": "2014 film",
        "detailedDescription": {
          "articleBody": "Messi is a 2014 documentary film directed by Álex de la Iglesia. The film explores the rise of Argentine association football player Lionel Messi. The film was released on 1 January 2015.",
          "url": "http://en.wikipedia.org/wiki/Messi_(film)",
          "license": "https://en.wikipedia.org/wiki/Wikipedia:Text_of_Creative_Commons_Attribution-ShareAlike_3.0_Unported_License"
        },
        "url": "http://messilapelicula.mediaprocine.com/"
      },
      "resultScore": 33.869919
    },
    {
      "@type": "EntitySearchResult",
      "result": {
        "@id": "kg:/m/02bh_v",
        "name": "Argentina national football team",
        "@type": [
          "Thing",
          "SportsTeam",
          "Organization"
        ],
        "description": "Soccer team",
        "image": {
          "contentUrl": "http://t3.gstatic.com/images?q=tbn:ANd9GcTJxSVDynwMmd2Z4DK5qQpPU-KV1COvC20-Tfcd1tgU5SzWsss7",
          "url": "https://commons.wikimedia.org/wiki/File:Argentina_national_football_team_2009.jpg",
          "license": "http://creativecommons.org/licenses/by-sa/3.0"
        },
        "detailedDescription": {
          "articleBody": "The Argentina national football team represents Argentina in football and is controlled by the Argentine Football Association, the governing body for football in Argentina. Argentina's home stadium is Estadio Monumental Antonio Vespucio Liberti.\n",
          "url": "http://en.wikipedia.org/wiki/Argentina_national_football_team",
          "license": "https://en.wikipedia.org/wiki/Wikipedia:Text_of_Creative_Commons_Attribution-ShareAlike_3.0_Unported_License"
        },
        "url": "http://afa.org.ar/"
      },
      "resultScore": 28.647757
    },
    {
      "@type": "EntitySearchResult",
      "result": {
        "@id": "kg:/m/0c3vzll",
        "name": "Football's Greatest",
        "@type": [
          "TVSeries",
          "Thing"
        ],
        "description": "TV series",
        "detailedDescription": {
          "articleBody": "Football's Greatest was a TV series that started on the 10 June 2010 and finished on 11 July 2010 on Sky Sports for the World Cup. There were 26 shows in total all narrated by Richard Keys, 25 featuring one footballer for each show. ",
          "url": "http://en.wikipedia.org/wiki/Football's_Greatest",
          "license": "https://en.wikipedia.org/wiki/Wikipedia:Text_of_Creative_Commons_Attribution-ShareAlike_3.0_Unported_License"
        },
        "url": "http://www.skysports.com/football/world-cup-2010/features/story/0"
      },
      "resultScore": 28.58535
    },
    {
      "@type": "EntitySearchResult",
      "result": {
        "@id": "kg:/m/02692qg",
        "name": "Gerald James",
        "@type": [
          "Thing",
          "Person"
        ],
        "description": "Actor",
        "detailedDescription": {
          "articleBody": "Gerald James was a British actor best known for his character actor roles in British television productions such as The Sandbaggers, The Professionals, Secret Army, Sapphire &amp; Steel, Hadleigh and The Pickwick Papers. ",
          "url": "http://en.wikipedia.org/wiki/Gerald_James",
          "license": "https://en.wikipedia.org/wiki/Wikipedia:Text_of_Creative_Commons_Attribution-ShareAlike_3.0_Unported_License"
        }
      },
      "resultScore": 27.03941
    },
    {
      "@type": "EntitySearchResult",
      "result": {
        "@id": "kg:/m/0d95kc",
        "name": "Laureus World Sports Award for Sportsman of the Year",
        "@type": [
          "Thing"
        ]
      },
      "resultScore": 26.373507
    },
    {
      "@type": "EntitySearchResult",
      "result": {
        "@id": "kg:/g/11btnm4rlv",
        "name": "2015 FIFA Ballon d'Or",
        "@type": [
          "Event",
          "Thing"
        ],
        "description": "Award ceremony",
        "detailedDescription": {
          "articleBody": "The 2015 FIFA Ballon d'Or Gala is the sixth year for FIFA's awards for the top football players and coaches of the year. The awards were given out in Zürich on 11 January 2016.\n",
          "url": "http://en.wikipedia.org/wiki/2015_FIFA_Ballon_d'Or",
          "license": "https://en.wikipedia.org/wiki/Wikipedia:Text_of_Creative_Commons_Attribution-ShareAlike_3.0_Unported_License"
        }
      },
      "resultScore": 24.670345
    },
    {
      "@type": "EntitySearchResult",
      "result": {
        "@id": "kg:/m/0_tjv5f",
        "name": "2014 FIFA Ballon d'Or",
        "@type": [
          "Thing",
          "Event"
        ],
        "description": "Award ceremony",
        "detailedDescription": {
          "articleBody": "The 2014 FIFA Ballon d'Or Gala was the fifth year for FIFA's awards for the top football players and coaches of the year. The awards were given out in Zürich on 12 January 2015.\n",
          "url": "http://en.wikipedia.org/wiki/2014_FIFA_Ballon_d'Or",
          "license": "https://en.wikipedia.org/wiki/Wikipedia:Text_of_Creative_Commons_Attribution-ShareAlike_3.0_Unported_License"
        }
      },
      "resultScore": 24.387651
    },
    {
      "@type": "EntitySearchResult",
      "result": {
        "@id": "kg:/m/0gkyx89",
        "name": "2011–12 La Liga",
        "@type": [
          "Event",
          "Thing"
        ],
        "description": "Competition",
        "detailedDescription": {
          "articleBody": "The 2011–12 La Liga season was the 81st season of the top level Spanish association football competition. The campaign began on 27 August 2011, and ended on 13 May 2012. ",
          "url": "http://en.wikipedia.org/wiki/2011%E2%80%9312_La_Liga",
          "license": "https://en.wikipedia.org/wiki/Wikipedia:Text_of_Creative_Commons_Attribution-ShareAlike_3.0_Unported_License"
        }
      },
      "resultScore": 24.061745
    },
    {
      "@type": "EntitySearchResult",
      "result": {
        "@id": "kg:/m/09rtq7w",
        "name": "2009 FIFA Club World Cup Final",
        "@type": [
          "Event",
          "Thing"
        ],
        "description": "Football Match",
        "detailedDescription": {
          "articleBody": "The 2009 FIFA Club World Cup Final was the final match of the 2009 FIFA Club World Cup, a football tournament for the champion clubs from each of FIFA's six continental confederations. ",
          "url": "http://en.wikipedia.org/wiki/2009_FIFA_Club_World_Cup_Final",
          "license": "https://en.wikipedia.org/wiki/Wikipedia:Text_of_Creative_Commons_Attribution-ShareAlike_3.0_Unported_License"
        }
      },
      "resultScore": 24.02743
    },
    {
      "@type": "EntitySearchResult",
      "result": {
        "@id": "kg:/m/0g0_l4",
        "name": "Mesut Özil",
        "@type": [
          "Thing",
          "Person"
        ],
        "description": "Soccer player",
        "image": {
          "contentUrl": "http://t2.gstatic.com/images?q=tbn:ANd9GcRpBbR8EfENiiHXl8qltrF0j6el4AzOiaEQ_4Y3z5aqKhGEZgn8",
          "url": "https://en.wikipedia.org/wiki/Mesut_%C3%96zil",
          "license": "http://creativecommons.org/licenses/by/2.0"
        },
        "detailedDescription": {
          "articleBody": "Mesut Özil is a German footballer who plays for English club Arsenal and the German national team. Özil has been a youth national team member since 2006, and a member of the German national team since 2009. ",
          "url": "http://en.wikipedia.org/wiki/Mesut_%C3%96zil",
          "license": "https://en.wikipedia.org/wiki/Wikipedia:Text_of_Creative_Commons_Attribution-ShareAlike_3.0_Unported_License"
        },
        "url": "http://www.mesutoezil.com/"
      },
      "resultScore": 23.701954
    },
    {
      "@type": "EntitySearchResult",
      "result": {
        "@id": "kg:/m/02qjkd8",
        "name": "Best International Athlete ESPY Award",
        "@type": [
          "Thing"
        ],
        "detailedDescription": {
          "articleBody": "The Best International Athlete ESPY Award is an award given to the sportsperson, irrespective of gender or sport contested, adjudged to have been the best or most outstanding of those born outside, or not possessing citizenship, of the United States who contest a major international individual sport primarily in the United States or a North American professional team sport in a given calendar year. ",
          "url": "http://en.wikipedia.org/wiki/Best_International_Athlete_ESPY_Award",
          "license": "https://en.wikipedia.org/wiki/Wikipedia:Text_of_Creative_Commons_Attribution-ShareAlike_3.0_Unported_License"
        }
      },
      "resultScore": 23.171179
    },
    {
      "@type": "EntitySearchResult",
      "result": {
        "@id": "kg:/m/0ch0s64",
        "name": "2015 Copa América",
        "@type": [
          "Event",
          "Thing"
        ],
        "description": "Tournament",
        "image": {
          "contentUrl": "http://t0.gstatic.com/images?q=tbn:ANd9GcTyhrs6cDq6ELsjSFILfyEMKl4YWo8W-xPs5QwO2gTRaLm0mjyX",
          "url": "https://commons.wikimedia.org/wiki/File:Inauguraci%C3%B3n_de_la_Copa_Am%C3%A9rica_2015_01.jpg",
          "license": "http://creativecommons.org/licenses/by-sa/4.0"
        },
        "detailedDescription": {
          "articleBody": "The 2015 Copa América was the 44th edition of the Copa América, the main international football tournament for national teams in South America, and took place in Chile between 11 June and 4 July 2015. ",
          "url": "http://en.wikipedia.org/wiki/2015_Copa_Am%C3%A9rica",
          "license": "https://en.wikipedia.org/wiki/Wikipedia:Text_of_Creative_Commons_Attribution-ShareAlike_3.0_Unported_License"
        },
        "url": "http://www.ca2015.com"
      },
      "resultScore": 23.143942
    },
    {
      "@type": "EntitySearchResult",
      "result": {
        "@id": "kg:/m/03wgwsh",
        "name": "2009 FIFA Club World Cup",
        "@type": [
          "Thing",
          "Event"
        ],
        "description": "Tournament",
        "detailedDescription": {
          "articleBody": "The 2009 FIFA Club World Cup was a football tournament played from 9 December to 19 December 2009. It was the sixth FIFA Club World Cup and was played in Abu Dhabi, United Arab Emirates. ",
          "url": "http://en.wikipedia.org/wiki/2009_FIFA_Club_World_Cup",
          "license": "https://en.wikipedia.org/wiki/Wikipedia:Text_of_Creative_Commons_Attribution-ShareAlike_3.0_Unported_License"
        },
        "url": "http://www.fifa.com/clubworldcup/index.html"
      },
      "resultScore": 23.031572
    },
    {
      "@type": "EntitySearchResult",
      "result": {
        "@id": "kg:/m/010wgnk7",
        "name": "FIFA 15",
        "@type": [
          "VideoGame",
          "Thing"
        ],
        "description": "Video game",
        "detailedDescription": {
          "articleBody": "FIFA 15 is an association football simulation video game developed by EA Canada and published by Electronic Arts. It was released on 23 September 2014 in North America, 25 September in Europe and 26 September in the United Kingdom and Ireland for the PlayStation 3, PlayStation 4, PlayStation Vita, Nintendo 3DS, Wii, Xbox One, Xbox 360, Microsoft Windows, iOS, Android and Windows Phone. ",
          "url": "http://en.wikipedia.org/wiki/FIFA_15",
          "license": "https://en.wikipedia.org/wiki/Wikipedia:Text_of_Creative_Commons_Attribution-ShareAlike_3.0_Unported_License"
        },
        "url": "http://www.ea.com/fifa15ut-and"
      },
      "resultScore": 22.52091
    },
    {
      "@type": "EntitySearchResult",
      "result": {
        "@id": "kg:/m/0bhbt__",
        "name": "2010 FIFA Ballon d'Or",
        "@type": [
          "Thing",
          "Event"
        ],
        "description": "Award ceremony",
        "detailedDescription": {
          "articleBody": "The 2010 FIFA Ballon d'Or Gala was the inaugural year for FIFA's awards for the top football players and coaches of the year. The gala is a continuation of the FIFA World Player Gala and a result of merging the FIFA Men's World Player of the Year award with the Ballon d'Or, previously presented by the French media to the top men's player in Europe. ",
          "url": "http://en.wikipedia.org/wiki/2010_FIFA_Ballon_d'Or",
          "license": "https://en.wikipedia.org/wiki/Wikipedia:Text_of_Creative_Commons_Attribution-ShareAlike_3.0_Unported_License"
        }
      },
      "resultScore": 21.053246
    },
    {
      "@type": "EntitySearchResult",
      "result": {
        "@id": "kg:/m/0hndvm8",
        "name": "2011 FIFA Ballon d'Or",
        "@type": [
          "Event",
          "Thing"
        ],
        "description": "Award ceremony",
        "image": {
          "contentUrl": "http://t1.gstatic.com/images?q=tbn:ANd9GcR7R_Ist_vGQ0x18uXyTpi0YM8DUYNG1di9cwx1891lYFAGaRwy",
          "url": "http://en.wikipedia.org/wiki/2011_FIFA_Ballon_d'Or"
        },
        "detailedDescription": {
          "articleBody": "The 2011 FIFA Ballon d'Or Gala was the second year for FIFA's awards for the top football players and coaches of the year. The awards were given out in Zürich on 9 January 2012 with Lionel Messi claiming the title of world player of the year for the third time in a row.\n",
          "url": "http://en.wikipedia.org/wiki/2011_FIFA_Ballon_d'Or",
          "license": "https://en.wikipedia.org/wiki/Wikipedia:Text_of_Creative_Commons_Attribution-ShareAlike_3.0_Unported_License"
        }
      },
      "resultScore": 21.004436
    },
    {
      "@type": "EntitySearchResult",
      "result": {
        "@id": "kg:/m/0vpp86x",
        "name": "2013 Supercopa de España",
        "@type": [
          "Event",
          "Thing"
        ],
        "detailedDescription": {
          "articleBody": "The 2013 Supercopa de España was a two-legged Spanish football match-up that was played in August 2013 between the champions of 2012–13 La Liga, Barcelona, and the winner of the 2012–13 Copa del Rey, Atlético Madrid.\n",
          "url": "http://en.wikipedia.org/wiki/2013_Supercopa_de_Espa%C3%B1a",
          "license": "https://en.wikipedia.org/wiki/Wikipedia:Text_of_Creative_Commons_Attribution-ShareAlike_3.0_Unported_License"
        }
      },
      "resultScore": 20.935101
    },
    {
      "@type": "EntitySearchResult",
      "result": {
        "@id": "kg:/m/09ggb65",
        "name": "2009 FIFA World Player of the Year",
        "@type": [
          "Thing",
          "Event"
        ],
        "description": "Award ceremony",
        "detailedDescription": {
          "articleBody": "The 2009 FIFA World Player of the Year awards took place on 21 December 2009 at the Kongresshaus Zürich, Zürich, Switzerland. Shortlists of 23 men and 10 women were announced on 30 October 2009. ",
          "url": "http://en.wikipedia.org/wiki/2009_FIFA_World_Player_of_the_Year",
          "license": "https://en.wikipedia.org/wiki/Wikipedia:Text_of_Creative_Commons_Attribution-ShareAlike_3.0_Unported_License"
        }
      },
      "resultScore": 20.923082
    },
    {
      "@type": "EntitySearchResult",
      "result": {
        "@id": "kg:/m/0glt0x1",
        "name": "2011 Supercopa de España",
        "@type": [
          "Event",
          "Thing"
        ],
        "description": "Contest",
        "detailedDescription": {
          "articleBody": "The 2011 Supercopa de España was a two-legged Spanish football match-up that was played on 14 and 17 August 2011. It was contested by Real Madrid, the 2010–11 Copa del Rey winners, and Barcelona, the 2010–11 La Liga winners.\n",
          "url": "http://en.wikipedia.org/wiki/2011_Supercopa_de_Espa%C3%B1a",
          "license": "https://en.wikipedia.org/wiki/Wikipedia:Text_of_Creative_Commons_Attribution-ShareAlike_3.0_Unported_License"
        }
      },
      "resultScore": 20.651333
    },
    {
      "@type": "EntitySearchResult",
      "result": {
        "@id": "kg:/m/0jt4xzx",
        "name": "2012 Supercopa de España",
        "@type": [
          "Event",
          "Thing"
        ],
        "description": "Occasion",
        "detailedDescription": {
          "articleBody": "The 2012 Supercopa de España was a two-legged Spanish football match-up that took place on 23 and 29 August 2012 between the champions of 2011–12 La Liga, Real Madrid, and the winner of the 2011–12 Copa del Rey, Barcelona.\n",
          "url": "http://en.wikipedia.org/wiki/2012_Supercopa_de_Espa%C3%B1a",
          "license": "https://en.wikipedia.org/wiki/Wikipedia:Text_of_Creative_Commons_Attribution-ShareAlike_3.0_Unported_License"
        }
      },
      "resultScore": 20.296175
    },
    {
      "@type": "EntitySearchResult",
      "result": {
        "@id": "kg:/m/04jjr_l",
        "name": "Abdullaziz Al-Dawsari",
        "@type": [
          "Thing",
          "Person"
        ],
        "description": "Soccer player",
        "detailedDescription": {
          "articleBody": "Abdullaziz Al-Dawsari is a Saudi football player. He currently plays for his country, Saudi Arabia, as well as Al-Hilal in the Saudi Professional League. ",
          "url": "http://en.wikipedia.org/wiki/Abdullaziz_Al-Dawsari",
          "license": "https://en.wikipedia.org/wiki/Wikipedia:Text_of_Creative_Commons_Attribution-ShareAlike_3.0_Unported_License"
        }
      },
      "resultScore": 20.285004
    },
    {
      "@type": "EntitySearchResult",
      "result": {
        "@id": "kg:/m/0f5hnf",
        "name": "Gerardo Martino",
        "@type": [
          "Thing",
          "Person"
        ],
        "description": "Soccer player",
        "image": {
          "contentUrl": "http://t0.gstatic.com/images?q=tbn:ANd9GcQ2pD9aw2JYZ1UPYT4MSQGPFZma0vs4JmhiYQWVkzAEpV7Wue9U",
          "url": "http://en.wikipedia.org/wiki/Gerardo_Martino",
          "license": "http://creativecommons.org/licenses/by-sa/2.0"
        },
        "detailedDescription": {
          "articleBody": "Gerardo Daniel \"Tata\" Martino is a former Argentine footballer who is currently the manager of the Argentine national team.\nMartino played mostly for Newell's Old Boys in his native Rosario. ",
          "url": "http://en.wikipedia.org/wiki/Gerardo_Martino",
          "license": "https://en.wikipedia.org/wiki/Wikipedia:Text_of_Creative_Commons_Attribution-ShareAlike_3.0_Unported_License"
        }
      },
      "resultScore": 19.703449
    },
    {
      "@type": "EntitySearchResult",
      "result": {
        "@id": "kg:/m/080d0np",
        "name": "FIFA Puskás Award",
        "@type": [
          "Thing"
        ],
        "description": "Award",
        "detailedDescription": {
          "articleBody": "The FIFA Puskás Award is an award established on 20 October 2009 by the Fédération Internationale de Football Association at the behest of its president, Sepp Blatter, in order to award the player, male or female, judged to have scored the most aesthetically significant, or \"most beautiful\", goal of the year.\n",
          "url": "http://en.wikipedia.org/wiki/FIFA_Pusk%C3%A1s_Award",
          "license": "https://en.wikipedia.org/wiki/Wikipedia:Text_of_Creative_Commons_Attribution-ShareAlike_3.0_Unported_License"
        }
      },
      "resultScore": 19.57589
    },
    {
      "@type": "EntitySearchResult",
      "result": {
        "@id": "kg:/m/0btq2j",
        "name": "2005 FIFA World Youth Championship",
        "@type": [
          "Event",
          "Thing"
        ],
        "description": "Contest",
        "detailedDescription": {
          "articleBody": "The 2005 FIFA World Youth Championship took place in the Netherlands between 10 June and 2 July 2005. The 2005 championship was the 15th contested.",
          "url": "http://en.wikipedia.org/wiki/2005_FIFA_World_Youth_Championship",
          "license": "https://en.wikipedia.org/wiki/Wikipedia:Text_of_Creative_Commons_Attribution-ShareAlike_3.0_Unported_License"
        }
      },
      "resultScore": 19.566803
    },
    {
      "@type": "EntitySearchResult",
      "result": {
        "@id": "kg:/m/0bmfstq",
        "name": "2011 FIFA Club World Cup",
        "@type": [
          "Event",
          "Thing"
        ],
        "description": "Tournament",
        "detailedDescription": {
          "articleBody": "The 2011 FIFA Club World Cup was a football tournament that was played from 8 to 18 December 2011. It was the eighth edition of the FIFA Club World Cup, a FIFA-organised tournament between the champion clubs from each of the six continental confederations as well as the league winner from the host nation.\n",
          "url": "http://en.wikipedia.org/wiki/2011_FIFA_Club_World_Cup",
          "license": "https://en.wikipedia.org/wiki/Wikipedia:Text_of_Creative_Commons_Attribution-ShareAlike_3.0_Unported_License"
        }
      },
      "resultScore": 19.140205
    },
    {
      "@type": "EntitySearchResult",
      "result": {
        "@id": "kg:/m/04q205h",
        "name": "Julio Musimessi",
        "@type": [
          "Thing",
          "Person"
        ],
        "description": "Soccer player",
        "image": {
          "contentUrl": "http://t3.gstatic.com/images?q=tbn:ANd9GcTXldoxM_t933a8qivacreIbmwVLeb0vLARGhm256aE6nqgaJ7K",
          "url": "http://en.wikipedia.org/wiki/Julio_Musimessi"
        },
        "detailedDescription": {
          "articleBody": "Julio Elías Musimessi was an Argentine football goalkeeper who played for Newell's Old Boys, Boca Juniors and the Argentina national team.\n",
          "url": "http://en.wikipedia.org/wiki/Julio_Musimessi",
          "license": "https://en.wikipedia.org/wiki/Wikipedia:Text_of_Creative_Commons_Attribution-ShareAlike_3.0_Unported_License"
        }
      },
      "resultScore": 19.122746
    },
    {
      "@type": "EntitySearchResult",
      "result": {
        "@id": "kg:/m/0h940x_",
        "name": "Nompumelelo Nyandeni",
        "@type": [
          "Thing",
          "Person"
        ],
        "description": "Soccer forward",
        "detailedDescription": {
          "articleBody": "Nompumelelo Nyandeni is a South African football forward who previously played for Rossiyanka in the Russian Championship. She is a member of the South African national team.\n",
          "url": "http://en.wikipedia.org/wiki/Nompumelelo_Nyandeni",
          "license": "https://en.wikipedia.org/wiki/Wikipedia:Text_of_Creative_Commons_Attribution-ShareAlike_3.0_Unported_License"
        }
      },
      "resultScore": 18.536386
    },
    {
      "@type": "EntitySearchResult",
      "result": {
        "@id": "kg:/m/0yqm1hn",
        "name": "2013 FIFA Ballon d'Or",
        "@type": [
          "Event",
          "Thing"
        ],
        "description": "Award ceremony",
        "detailedDescription": {
          "articleBody": "The 2013 FIFA Ballon d'Or Gala was the fourth year for FIFA's awards for the top football players and coaches of the year. The awards were given out in Zürich on 13 January 2014. ",
          "url": "http://en.wikipedia.org/wiki/2013_FIFA_Ballon_d'Or",
          "license": "https://en.wikipedia.org/wiki/Wikipedia:Text_of_Creative_Commons_Attribution-ShareAlike_3.0_Unported_License"
        }
      },
      "resultScore": 18.502563
    },
    {
      "@type": "EntitySearchResult",
      "result": {
        "@id": "kg:/m/05_5ptc",
        "name": "2009–10 La Liga",
        "@type": [
          "Thing",
          "Event"
        ],
        "description": "Contest",
        "detailedDescription": {
          "articleBody": "The 2009–10 La Liga season was the 79th La Liga since its establishment. Barcelona were the defending champions, having won their 19th La Liga title in the previous season. The campaign began on 29 August 2009 ended on 16 May 2010. ",
          "url": "http://en.wikipedia.org/wiki/2009%E2%80%9310_La_Liga",
          "license": "https://en.wikipedia.org/wiki/Wikipedia:Text_of_Creative_Commons_Attribution-ShareAlike_3.0_Unported_License"
        }
      },
      "resultScore": 18.454252
    },
    {
      "@type": "EntitySearchResult",
      "result": {
        "@id": "kg:/m/0hr4nzw",
        "name": "2011 FIFA Club World Cup Final",
        "@type": [
          "Thing",
          "Event"
        ],
        "description": "Football Match",
        "detailedDescription": {
          "articleBody": "The 2011 FIFA Club World Cup Final was the final match of the 2011 FIFA Club World Cup, a football tournament hosted by Japan. It was the eighth final of the FIFA Club World Cup, a FIFA-organized tournament between the champion clubs from each of the six continental confederations as well as the league winner from the host nation.\n",
          "url": "http://en.wikipedia.org/wiki/2011_FIFA_Club_World_Cup_Final",
          "license": "https://en.wikipedia.org/wiki/Wikipedia:Text_of_Creative_Commons_Attribution-ShareAlike_3.0_Unported_License"
        }
      },
      "resultScore": 18.431192
    },
    {
      "@type": "EntitySearchResult",
      "result": {
        "@id": "kg:/m/0bwjt99",
        "name": "Lorenzo Insigne",
        "@type": [
          "Person",
          "Thing"
        ],
        "description": "Soccer player",
        "image": {
          "contentUrl": "http://t1.gstatic.com/images?q=tbn:ANd9GcTNRMs4CkzIuAZhiO2zxp-oGbsh8cXbNBj5-v3coNK_JYDQE1KU",
          "url": "https://pl.wikipedia.org/wiki/Lorenzo_Insigne",
          "license": "http://creativecommons.org/licenses/by-sa/3.0"
        },
        "detailedDescription": {
          "articleBody": "Lorenzo Insigne is an Italian professional footballer who plays as a forward or attacking midfielder for Italian club Napoli and the Italy national team. ",
          "url": "http://en.wikipedia.org/wiki/Lorenzo_Insigne",
          "license": "https://en.wikipedia.org/wiki/Wikipedia:Text_of_Creative_Commons_Attribution-ShareAlike_3.0_Unported_License"
        }
      },
      "resultScore": 18.288918
    },
    {
      "@type": "EntitySearchResult",
      "result": {
        "@id": "kg:/m/06mmrh",
        "name": "Xavi",
        "@type": [
          "Thing",
          "Person"
        ],
        "description": "Soccer player",
        "image": {
          "contentUrl": "http://t0.gstatic.com/images?q=tbn:ANd9GcQcn3ptOaSxAeMg3UtawBa89tFFNU6XVWJR42Xch6g-Z-3jg9pm",
          "url": "https://en.wikipedia.org/wiki/Xavi",
          "license": "http://creativecommons.org/licenses/by-sa/3.0"
        },
        "detailedDescription": {
          "articleBody": "Xavier \"Xavi\" Hernández Creus is a Spanish professional footballer who plays as a central midfielder for Qatari club Al Sadd SC. Xavi came through La Masia, the Barcelona youth academy, at the age of 11. He made his first-team debut against Mallorca in August 1998. Since then he has played 700 matches, scored 82 goals and made more than 180 assists for over 50 players. Xavi is the first player in Barcelona's history to play 150 international matches. ",
          "url": "http://en.wikipedia.org/wiki/Xavi",
          "license": "https://en.wikipedia.org/wiki/Wikipedia:Text_of_Creative_Commons_Attribution-ShareAlike_3.0_Unported_License"
        }
      },
      "resultScore": 17.655825
    },
    {
      "@type": "EntitySearchResult",
      "result": {
        "@id": "kg:/m/0hvgt",
        "name": "FC Barcelona",
        "@type": [
          "Thing",
          "Corporation",
          "SportsTeam",
          "Organization"
        ],
        "description": "Soccer club",
        "image": {
          "contentUrl": "http://t3.gstatic.com/images?q=tbn:ANd9GcQZHqCPfFDadQ1b7r12xExLpzzPfGGXyLK5E6N2Mjf0M9Qs2RWc",
          "url": "https://en.wikipedia.org/wiki/History_of_FC_Barcelona"
        },
        "detailedDescription": {
          "articleBody": "Futbol Club Barcelona, also known as Barcelona and familiarly as Barça, is a professional football club, based in Barcelona, Catalonia, Spain.\n",
          "url": "http://en.wikipedia.org/wiki/FC_Barcelona",
          "license": "https://en.wikipedia.org/wiki/Wikipedia:Text_of_Creative_Commons_Attribution-ShareAlike_3.0_Unported_License"
        },
        "url": "http://www.fcbarcelona.com"
      },
      "resultScore": 17.530655
    },
    {
      "@type": "EntitySearchResult",
      "result": {
        "@id": "kg:/m/0139_ztp",
        "name": "FIFA 16",
        "@type": [
          "VideoGame",
          "Thing"
        ],
        "description": "Video game",
        "detailedDescription": {
          "articleBody": "FIFA 16 is an association football simulation video game developed by EA Canada and published by EA Sports for Microsoft Windows, PlayStation 3, PlayStation 4, Xbox 360, Xbox One, Android and iOS.\n",
          "url": "http://en.wikipedia.org/wiki/FIFA_16",
          "license": "https://en.wikipedia.org/wiki/Wikipedia:Text_of_Creative_Commons_Attribution-ShareAlike_3.0_Unported_License"
        },
        "url": "https://www.easports.com/fifa"
      },
      "resultScore": 17.483103
    },
    {
      "@type": "EntitySearchResult",
      "result": {
        "@id": "kg:/m/0jt52mm",
        "name": "Ryan Gauld",
        "@type": [
          "Person",
          "Thing"
        ],
        "description": "Soccer player",
        "detailedDescription": {
          "articleBody": "Ryan Gauld is a Scottish professional footballer who currently plays as an attacking midfielder for Portuguese club Sporting Clube de Portugal and the Scotland national under-21 football team.\n",
          "url": "http://en.wikipedia.org/wiki/Ryan_Gauld",
          "license": "https://en.wikipedia.org/wiki/Wikipedia:Text_of_Creative_Commons_Attribution-ShareAlike_3.0_Unported_License"
        }
      },
      "resultScore": 17.445873
    },
    {
      "@type": "EntitySearchResult",
      "result": {
        "@id": "kg:/m/0vshhsy",
        "name": "2015 FIFA Club World Cup",
        "@type": [
          "Event",
          "Thing"
        ],
        "description": "Tournament",
        "detailedDescription": {
          "articleBody": "The 2015 FIFA Club World Cup was the 12th edition of the FIFA Club World Cup, a FIFA-organised international club football tournament between the champion clubs from each of the six continental confederations, as well as the national league champion from the host country. ",
          "url": "http://en.wikipedia.org/wiki/2015_FIFA_Club_World_Cup",
          "license": "https://en.wikipedia.org/wiki/Wikipedia:Text_of_Creative_Commons_Attribution-ShareAlike_3.0_Unported_License"
        }
      },
      "resultScore": 17.297201
    },
    {
      "@type": "EntitySearchResult",
      "result": {
        "@id": "kg:/m/0131kcz1",
        "name": "2015 Copa América Final",
        "@type": [
          "Event",
          "Thing"
        ],
        "description": "Tournament",
        "image": {
          "contentUrl": "http://t1.gstatic.com/images?q=tbn:ANd9GcRm1ygHlQpfExl3KXHqiKamHYOwZuxfJdRrTrcOlcYipK0IMbU3",
          "url": "http://en.wikipedia.org/wiki/2015_Copa_Am%C3%A9rica_Final",
          "license": "http://creativecommons.org/licenses/by-sa/4.0"
        },
        "detailedDescription": {
          "articleBody": "The 2015 Copa América Final was the final match of the 2015 Copa América, an international football tournament organised by CONMEBOL that was played in Chile.\n",
          "url": "http://en.wikipedia.org/wiki/2015_Copa_Am%C3%A9rica_Final",
          "license": "https://en.wikipedia.org/wiki/Wikipedia:Text_of_Creative_Commons_Attribution-ShareAlike_3.0_Unported_License"
        }
      },
      "resultScore": 16.983969
    },
    {
      "@type": "EntitySearchResult",
      "result": {
        "@id": "kg:/m/012zbs6m",
        "name": "2015 Copa del Rey Final",
        "@type": [
          "Event",
          "Thing"
        ],
        "description": "Competition",
        "image": {
          "contentUrl": "http://t1.gstatic.com/images?q=tbn:ANd9GcTAh49TJUn4TXtwQhWTD9zXJM0arSYSdvu_ExUl6JqzByTcHI5e",
          "url": "http://en.wikipedia.org/wiki/2015_Copa_del_Rey_Final",
          "license": "http://creativecommons.org/licenses/by/2.0"
        },
        "detailedDescription": {
          "articleBody": "The 2015 Copa del Rey Final was a football match on 30 May 2015 to decide the winner of the 2014–15 Copa del Rey, the 113th edition of the Copa del Rey, Spain's primary football cup.\n",
          "url": "http://en.wikipedia.org/wiki/2015_Copa_del_Rey_Final",
          "license": "https://en.wikipedia.org/wiki/Wikipedia:Text_of_Creative_Commons_Attribution-ShareAlike_3.0_Unported_License"
        }
      },
      "resultScore": 16.889112
    },
    {
      "@type": "EntitySearchResult",
      "result": {
        "@id": "kg:/m/0h3q35s",
        "name": "FIFA Street 4",
        "@type": [
          "VideoGame",
          "Thing"
        ],
        "description": "2012 video game",
        "detailedDescription": {
          "articleBody": "FIFA Street is a sports video game by EA Sports' FIFA Street franchise based on street football. It is the first such game in almost four years, and a reboot for the series. ",
          "url": "http://en.wikipedia.org/wiki/FIFA_Street_(2012_video_game)",
          "license": "https://en.wikipedia.org/wiki/Wikipedia:Text_of_Creative_Commons_Attribution-ShareAlike_3.0_Unported_License"
        },
        "url": "http://www.ea.com/uk/fifa-street"
      },
      "resultScore": 16.782766
    },
    {
      "@type": "EntitySearchResult",
      "result": {
        "@id": "kg:/m/080kf_v",
        "name": "Emanuel Biancucchi",
        "@type": [
          "Person",
          "Thing"
        ],
        "description": "Soccer midfielder",
        "image": {
          "contentUrl": "http://t0.gstatic.com/images?q=tbn:ANd9GcTKPW64MlHwlcJG5AK8IrV5poIGXDluVPD3LtN46oJabZXJBWBL",
          "url": "http://en.wikipedia.org/wiki/Emanuel_Biancucchi",
          "license": "http://www.gnu.org/copyleft/fdl.html"
        },
        "detailedDescription": {
          "articleBody": "Emanuel Biancucchi Cuccitini is an Argentine football midfielder who plays for Brasileirão Série B club Ceará.",
          "url": "http://en.wikipedia.org/wiki/Emanuel_Biancucchi",
          "license": "https://en.wikipedia.org/wiki/Wikipedia:Text_of_Creative_Commons_Attribution-ShareAlike_3.0_Unported_License"
        }
      },
      "resultScore": 16.758585
    },
    {
      "@type": "EntitySearchResult",
      "result": {
        "@id": "kg:/m/0118q_gx",
        "name": "2014–15 La Liga",
        "@type": [
          "Event",
          "Thing"
        ],
        "description": "Football League Season",
        "detailedDescription": {
          "articleBody": "The 2014–15 La Liga season was the 84th season of the premier association football league in Spain. The campaign began on 23 August 2014 and ended on 24 May 2015.\n",
          "url": "http://en.wikipedia.org/wiki/2014%E2%80%9315_La_Liga",
          "license": "https://en.wikipedia.org/wiki/Wikipedia:Text_of_Creative_Commons_Attribution-ShareAlike_3.0_Unported_License"
        }
      },
      "resultScore": 16.746607
    },
    {
      "@type": "EntitySearchResult",
      "result": {
        "@id": "kg:/m/01xn7pn",
        "name": "Kabwe Warriors F.C.",
        "@type": [
          "SportsTeam",
          "Thing",
          "Organization"
        ],
        "description": "Soccer club",
        "detailedDescription": {
          "articleBody": "Kabwe Warriors is a Zambian football club based in Kabwe that plays in the MTN/FAZ super Division. In the 2013/14 season, Kabwe Warriors was relegated to division 1. They play their home games at Godfrey 'Ucar' Chitalu 107 Stadium in Kabwe.\nThe club is sponsored by Zambia Railways.\nZambian football great Godfrey Chitalu played for the club between 1971 and 1982. ",
          "url": "http://en.wikipedia.org/wiki/Kabwe_Warriors_F.C.",
          "license": "https://en.wikipedia.org/wiki/Wikipedia:Text_of_Creative_Commons_Attribution-ShareAlike_3.0_Unported_License"
        }
      },
      "resultScore": 16.722193
    },
    {
      "@type": "EntitySearchResult",
      "result": {
        "@id": "kg:/m/06zsgzn",
        "name": "Xherdan Shaqiri",
        "@type": [
          "Thing",
          "Person"
        ],
        "description": "Soccer player",
        "image": {
          "contentUrl": "http://t2.gstatic.com/images?q=tbn:ANd9GcQCJD0HRFx2ekVoubRnDjXbg1U3L_QqzYezVBs03Xj23qpgTyJd",
          "url": "https://hr.wikipedia.org/wiki/Xherdan_Shaqiri",
          "license": "http://creativecommons.org/licenses/by-sa/3.0"
        },
        "detailedDescription": {
          "articleBody": "Xherdan Shaqiri is a Swiss professional footballer who plays as a midfielder for Premier League club Stoke City, and the Switzerland national team. ",
          "url": "http://en.wikipedia.org/wiki/Xherdan_Shaqiri",
          "license": "https://en.wikipedia.org/wiki/Wikipedia:Text_of_Creative_Commons_Attribution-ShareAlike_3.0_Unported_License"
        },
        "url": "http://www.xherdanshaqiri.com/"
      },
      "resultScore": 16.58807
    },
    {
      "@type": "EntitySearchResult",
      "result": {
        "@id": "kg:/m/08_mby3",
        "name": "2008 FIFA World Player of the Year",
        "@type": [
          "Event",
          "Thing"
        ],
        "description": "Award ceremony",
        "detailedDescription": {
          "articleBody": "The 2008 FIFA World Player of the Year awards took place on 12 January 2009 at the Zurich Opera House, Zürich, Switzerland, with Cristiano Ronaldo of Manchester United and Portugal taking the men's award, and Marta of Umeå IK and Brazil taking the women's award for the third year in a row.\n",
          "url": "http://en.wikipedia.org/wiki/2008_FIFA_World_Player_of_the_Year",
          "license": "https://en.wikipedia.org/wiki/Wikipedia:Text_of_Creative_Commons_Attribution-ShareAlike_3.0_Unported_License"
        }
      },
      "resultScore": 16.510603
    },
    {
      "@type": "EntitySearchResult",
      "result": {
        "@id": "kg:/m/0b_zk6z",
        "name": "2010 Supercopa de España",
        "@type": [
          "Event",
          "Thing"
        ],
        "description": "Contest",
        "detailedDescription": {
          "articleBody": "The 2010 Supercopa de España was a two-legged Spanish football match-up played on 14 August and 21 August 2010. It was contested by Sevilla, the 2009–10 Copa del Rey winners, and Barcelona, the 2009–10 Primera División winners.\n",
          "url": "http://en.wikipedia.org/wiki/2010_Supercopa_de_Espa%C3%B1a",
          "license": "https://en.wikipedia.org/wiki/Wikipedia:Text_of_Creative_Commons_Attribution-ShareAlike_3.0_Unported_License"
        }
      },
      "resultScore": 16.225159
    },
    {
      "@type": "EntitySearchResult",
      "result": {
        "@id": "kg:/m/03cdbzd",
        "name": "2007 FIFA World Player of the Year",
        "@type": [
          "Event",
          "Thing"
        ],
        "description": "Award ceremony",
        "detailedDescription": {
          "articleBody": "Brazilian midfielder Kaká won the 2007 FIFA World Player of the Year award, while another Brazilian, Marta, took home the women's award. The winners were announced at the FIFA World Player Gala held at the Zurich Opera House on December 17, 2007.",
          "url": "http://en.wikipedia.org/wiki/2007_FIFA_World_Player_of_the_Year",
          "license": "https://en.wikipedia.org/wiki/Wikipedia:Text_of_Creative_Commons_Attribution-ShareAlike_3.0_Unported_License"
        }
      },
      "resultScore": 15.89448
    },
    {
      "@type": "EntitySearchResult",
      "result": {
        "@id": "kg:/m/048jh2",
        "name": "Stadion Galgenwaard",
        "@type": [
          "StadiumOrArena",
          "Thing",
          "Place"
        ],
        "description": "Stadium in Utrecht, Netherlands",
        "image": {
          "contentUrl": "http://t3.gstatic.com/images?q=tbn:ANd9GcTuBQZPNuDJUzODmfML4VXi5UTpECHZ19bbTUGRgnnvOQ0Sw5aV",
          "url": "https://en.wikipedia.org/wiki/Stadion_Galgenwaard",
          "license": "http://creativecommons.org/licenses/by/2.0"
        },
        "detailedDescription": {
          "articleBody": "Stadion Galgenwaard is a football stadium in Utrecht that has been the home of the football club FC Utrecht since 1970. The stadium, which underwent a renovation starting at the beginning of the 21st century, has a capacity of nearly 24,500 spectators.\n",
          "url": "http://en.wikipedia.org/wiki/Stadion_Galgenwaard",
          "license": "https://en.wikipedia.org/wiki/Wikipedia:Text_of_Creative_Commons_Attribution-ShareAlike_3.0_Unported_License"
        }
      },
      "resultScore": 15.883918
    },
    {
      "@type": "EntitySearchResult",
      "result": {
        "@id": "kg:/m/0136_pwh",
        "name": "Indi Cowie",
        "@type": [
          "Person",
          "Thing"
        ],
        "description": "Soccer player",
        "detailedDescription": {
          "articleBody": "Indi Armstrong Cowie is a Scottish American professional freestyle footballer and football coach. She became an assistant coach to Anson Dorrance at the North Carolina Tar Heels when an anterior cruciate ligament injury caused her retirement from college soccer. ",
          "url": "http://en.wikipedia.org/wiki/Indi_Cowie",
          "license": "https://en.wikipedia.org/wiki/Wikipedia:Text_of_Creative_Commons_Attribution-ShareAlike_3.0_Unported_License"
        }
      },
      "resultScore": 15.730187
    },
    {
      "@type": "EntitySearchResult",
      "result": {
        "@id": "kg:/m/047c4sb",
        "name": "2011 UEFA Champions League Final",
        "@type": [
          "Thing",
          "Event"
        ],
        "description": "Football Match",
        "detailedDescription": {
          "articleBody": "The 2011 UEFA Champions League Final was a football match played on 28 May 2011 at Wembley Stadium in London that decided the winner of the 2010–11 season of the UEFA Champions League. The winners received the European Champion Clubs' Cup. ",
          "url": "http://en.wikipedia.org/wiki/2011_UEFA_Champions_League_Final",
          "license": "https://en.wikipedia.org/wiki/Wikipedia:Text_of_Creative_Commons_Attribution-ShareAlike_3.0_Unported_License"
        }
      },
      "resultScore": 15.534981
    },
    {
      "@type": "EntitySearchResult",
      "result": {
        "@id": "kg:/m/0t_d35h",
        "name": "2014–15 UEFA Champions League",
        "@type": [
          "Thing",
          "Event"
        ],
        "description": "Tournament",
        "image": {
          "contentUrl": "http://t3.gstatic.com/images?q=tbn:ANd9GcQvRtUg0u0uwfOXiJ_mw1W0RJrN88AG-OCsPXLYXNheI_pgaVXD",
          "url": "http://en.wikipedia.org/wiki/2014%E2%80%9315_UEFA_Champions_League",
          "license": "http://www.gnu.org/copyleft/fdl.html"
        },
        "detailedDescription": {
          "articleBody": "The 2014–15 UEFA Champions League was the 60th season of Europe's premier club football tournament organised by UEFA, and the 23rd season since it was renamed from the European Champion Clubs' Cup to the UEFA Champions League.\n",
          "url": "http://en.wikipedia.org/wiki/2014%E2%80%9315_UEFA_Champions_League",
          "license": "https://en.wikipedia.org/wiki/Wikipedia:Text_of_Creative_Commons_Attribution-ShareAlike_3.0_Unported_License"
        }
      },
      "resultScore": 15.395881
    },
    {
      "@type": "EntitySearchResult",
      "result": {
        "@id": "kg:/m/0b__xp1",
        "name": "2010–11 Copa del Rey",
        "@type": [
          "Event",
          "Thing"
        ],
        "description": "Competition",
        "detailedDescription": {
          "articleBody": "The 2010–11 Copa del Rey was the 109th staging of the Copa del Rey. The competition began on August 21, 2010 and ended on April 20, 2011 with the final, held at the Estadio Mestalla in Valencia, in which Real Madrid lifted the trophy for the eighteenth time in their history with a 1–0 victory over Barcelona in extra time. ",
          "url": "http://en.wikipedia.org/wiki/2010%E2%80%9311_Copa_del_Rey",
          "license": "https://en.wikipedia.org/wiki/Wikipedia:Text_of_Creative_Commons_Attribution-ShareAlike_3.0_Unported_License"
        }
      },
      "resultScore": 15.362665
    },
    {
      "@type": "EntitySearchResult",
      "result": {
        "@id": "kg:/m/0ndjngh",
        "name": "2012 FIFA Ballon d'Or",
        "@type": [
          "Thing",
          "Event"
        ],
        "description": "Award ceremony",
        "image": {
          "contentUrl": "http://t1.gstatic.com/images?q=tbn:ANd9GcSD8tU1CDIv_eA0bCqyQmhILrjUvtlWS9tky6sGB73BYj-mpYSF",
          "url": "http://en.wikipedia.org/wiki/2012_FIFA_Ballon_d'Or"
        },
        "detailedDescription": {
          "articleBody": "The 2012 FIFA Ballon d'Or Gala was the third year for FIFA's awards for the top football players and coaches of the year. The awards were given out in Zürich on 7 January 2013.\n",
          "url": "http://en.wikipedia.org/wiki/2012_FIFA_Ballon_d'Or",
          "license": "https://en.wikipedia.org/wiki/Wikipedia:Text_of_Creative_Commons_Attribution-ShareAlike_3.0_Unported_License"
        }
      },
      "resultScore": 15.303149
    },
    {
      "@type": "EntitySearchResult",
      "result": {
        "@id": "kg:/m/0417fx_",
        "name": "2008–09 Copa del Rey",
        "@type": [
          "Thing",
          "Event"
        ],
        "description": "Competition",
        "detailedDescription": {
          "articleBody": "The 2008–09 Copa del Rey was the 107th staging of the Copa del Rey. The competition started on August 23, 2008 and concluded on May 13, 2009 with the final, held at the Estadio Mestalla in Valencia, in which FC Barcelona lifted the trophy for the twenty-fifth time in their history with a 4–1 victory over Athletic Bilbao, who qualified for the third qualifying round of the 2009–10 UEFA Europa League. ",
          "url": "http://en.wikipedia.org/wiki/2008%E2%80%9309_Copa_del_Rey",
          "license": "https://en.wikipedia.org/wiki/Wikipedia:Text_of_Creative_Commons_Attribution-ShareAlike_3.0_Unported_License"
        }
      },
      "resultScore": 15.151031
    },
    {
      "@type": "EntitySearchResult",
      "result": {
        "@id": "kg:/m/0_r_3tc",
        "name": "2014 FIFA World Cup Final",
        "@type": [
          "Thing",
          "Event"
        ],
        "description": "Football Match",
        "image": {
          "contentUrl": "http://t1.gstatic.com/images?q=tbn:ANd9GcRPO_rpTHjH7cf_y_4zpJ3K1hNR_wGxRolSURLT8lFNNlb4sNrk",
          "url": "https://commons.wikimedia.org/wiki/File:Germany_and_Argentina_face_off_in_the_final_of_the_World_Cup_2014_-2014-07-13_(45).jpg",
          "license": "http://creativecommons.org/licenses/by/3.0"
        },
        "detailedDescription": {
          "articleBody": "The 2014 FIFA World Cup Final was a football match that took place on 13 July 2014 at the Maracanã Stadium in Rio de Janeiro, Brazil to determine the 2014 FIFA World Cup champion. ",
          "url": "http://en.wikipedia.org/wiki/2014_FIFA_World_Cup_Final",
          "license": "https://en.wikipedia.org/wiki/Wikipedia:Text_of_Creative_Commons_Attribution-ShareAlike_3.0_Unported_License"
        }
      },
      "resultScore": 15.112163
    },
    {
      "@type": "EntitySearchResult",
      "result": {
        "@id": "kg:/m/071_j8",
        "name": "Guillem Balagué",
        "@type": [
          "Thing",
          "Person"
        ],
        "description": "Journalist",
        "detailedDescription": {
          "articleBody": "Guillem Balagué is a Spanish football journalist and pundit. He is a regular pundit on Sky Sports' show Revista de la Liga and has also written for some of Britain's newspapers as well as several Spanish newspapers.",
          "url": "http://en.wikipedia.org/wiki/Guillem_Balagu%C3%A9",
          "license": "https://en.wikipedia.org/wiki/Wikipedia:Text_of_Creative_Commons_Attribution-ShareAlike_3.0_Unported_License"
        }
      },
      "resultScore": 15.061933
    },
    {
      "@type": "EntitySearchResult",
      "result": {
        "@id": "kg:/m/0k5nq5b",
        "name": "2012 ESPY Awards",
        "@type": [
          "Event",
          "Thing"
        ],
        "description": "Award ceremony",
        "detailedDescription": {
          "articleBody": "The 2012 ESPY Awards were announced from Nokia Theatre on July 11, 2012 and showed during the telecast on ESPN, July 11, 2012. ESPY Award is short for Excellence in Sports Performance Yearly Award.",
          "url": "http://en.wikipedia.org/wiki/2012_ESPY_Awards",
          "license": "https://en.wikipedia.org/wiki/Wikipedia:Text_of_Creative_Commons_Attribution-ShareAlike_3.0_Unported_License"
        }
      },
      "resultScore": 14.764591
    },
    {
      "@type": "EntitySearchResult",
      "result": {
        "@id": "kg:/m/03m5111",
        "name": "Neymar",
        "@type": [
          "Thing",
          "Person"
        ],
        "description": "Soccer player",
        "image": {
          "contentUrl": "http://t2.gstatic.com/images?q=tbn:ANd9GcQorVGssKQSKXC7EJSTBRwC_M-KmQjFmJj-g3mIsYy7ISBRX5VL",
          "url": "https://en.wikipedia.org/wiki/Neymar",
          "license": "http://creativecommons.org/licenses/by/3.0"
        },
        "detailedDescription": {
          "articleBody": "Neymar da Silva Santos Júnior, commonly known as Neymar or Neymar Jr., is a Brazilian professional footballer who plays for Spanish club FC Barcelona and the Brazil national team as a forward or winger, and is also the captain of the national team.\n",
          "url": "http://en.wikipedia.org/wiki/Neymar",
          "license": "https://en.wikipedia.org/wiki/Wikipedia:Text_of_Creative_Commons_Attribution-ShareAlike_3.0_Unported_License"
        },
        "url": "http://www.neymaroficial.com/"
      },
      "resultScore": 14.722906
    },
    {
      "@type": "EntitySearchResult",
      "result": {
        "@id": "kg:/m/0120x1jy",
        "name": "Lucas Scaglia",
        "@type": [
          "Thing",
          "Person"
        ],
        "description": "Soccer player",
        "detailedDescription": {
          "articleBody": "Lucas Scaglia is an Argentine footballer who plays as a midfielder for Jacksonville Armada FC in the North American Soccer League. He was one of three Argentinians signed by the team on January 29, 2015. He previously played for current Armada FC coach Guillermo Hoyo at Club Bolivar. He is a childhood friend of FC Barcelona forward Lionel Messi.",
          "url": "http://en.wikipedia.org/wiki/Lucas_Scaglia",
          "license": "https://en.wikipedia.org/wiki/Wikipedia:Text_of_Creative_Commons_Attribution-ShareAlike_3.0_Unported_License"
        }
      },
      "resultScore": 14.65146
    },
    {
      "@type": "EntitySearchResult",
      "result": {
        "@id": "kg:/m/011g0zwl",
        "name": "Pau López",
        "@type": [
          "Thing",
          "Person"
        ],
        "description": "Soccer player",
        "detailedDescription": {
          "articleBody": "Pau López Sabata, known simply as Pau, is a Spanish professional footballer who plays for RCD Espanyol as a goalkeeper.",
          "url": "http://en.wikipedia.org/wiki/Pau_L%C3%B3pez",
          "license": "https://en.wikipedia.org/wiki/Wikipedia:Text_of_Creative_Commons_Attribution-ShareAlike_3.0_Unported_License"
        }
      },
      "resultScore": 14.601687
    },
    {
      "@type": "EntitySearchResult",
      "result": {
        "@id": "kg:/m/05zznv0",
        "name": "Diego Perotti",
        "@type": [
          "Thing",
          "Person"
        ],
        "description": "Soccer player",
        "image": {
          "contentUrl": "http://t3.gstatic.com/images?q=tbn:ANd9GcRUKVn1B9fobM-Cxdsc23pVwTiM-OoxZvRazcFP9Mv4ybEfD7Zs",
          "url": "http://en.wikipedia.org/wiki/Diego_Perotti",
          "license": "http://creativecommons.org/licenses/by-sa/3.0"
        },
        "detailedDescription": {
          "articleBody": "Diego Perotti is an Argentine professional footballer who plays for Italian club Roma. Mainly a winger who can play with both feet, he can also appear as an attacking midfielder.\n",
          "url": "http://en.wikipedia.org/wiki/Diego_Perotti",
          "license": "https://en.wikipedia.org/wiki/Wikipedia:Text_of_Creative_Commons_Attribution-ShareAlike_3.0_Unported_License"
        }
      },
      "resultScore": 14.462831
    },
    {
      "@type": "EntitySearchResult",
      "result": {
        "@id": "kg:/m/027r9hr",
        "name": "2007–08 in Argentine football",
        "@type": [
          "Event",
          "Thing"
        ],
        "description": "Competition",
        "detailedDescription": {
          "articleBody": "2007–08 season of Argentine football was the 117th season of competitive football in Argentina.",
          "url": "http://en.wikipedia.org/wiki/2007%E2%80%9308_in_Argentine_football",
          "license": "https://en.wikipedia.org/wiki/Wikipedia:Text_of_Creative_Commons_Attribution-ShareAlike_3.0_Unported_License"
        }
      },
      "resultScore": 14.365043
    },
    {
      "@type": "EntitySearchResult",
      "result": {
        "@id": "kg:/m/0784_q",
        "name": "Arda Turan",
        "@type": [
          "Person",
          "Thing"
        ],
        "description": "Soccer player",
        "image": {
          "contentUrl": "http://t3.gstatic.com/images?q=tbn:ANd9GcR9xRG483x9dUSWzjg-02Oj8-v57-vvzUVGixFmA-GeNvW2pNkJ",
          "url": "https://en.wikipedia.org/wiki/Arda_Turan",
          "license": "http://creativecommons.org/licenses/by-sa/3.0"
        },
        "detailedDescription": {
          "articleBody": "Arda Turan is a Turkish professional footballer who plays as an attacking midfielder for Spanish club FC Barcelona and is captain of the Turkey national team.\nHe is mostly known for his ball control, dribbling skills, and vision. At the age of 21, prior to the 2009–10 season, he was made the captain of Galatasaray. Turan is the first Turk to win the La Liga title, achieving this in the 2013–14 season.\n",
          "url": "http://en.wikipedia.org/wiki/Arda_Turan",
          "license": "https://en.wikipedia.org/wiki/Wikipedia:Text_of_Creative_Commons_Attribution-ShareAlike_3.0_Unported_License"
        }
      },
      "resultScore": 14.333295
    },
    {
      "@type": "EntitySearchResult",
      "result": {
        "@id": "kg:/m/0111801y",
        "name": "2014–15 Copa del Rey",
        "@type": [
          "Thing",
          "Event"
        ],
        "description": "Tournament",
        "detailedDescription": {
          "articleBody": "The 2014–15 Copa del Rey was the 113th staging of the Copa del Rey. The winners assure a place for the group stage of the 2015–16 UEFA Europa League.\n",
          "url": "http://en.wikipedia.org/wiki/2014%E2%80%9315_Copa_del_Rey",
          "license": "https://en.wikipedia.org/wiki/Wikipedia:Text_of_Creative_Commons_Attribution-ShareAlike_3.0_Unported_License"
        }
      },
      "resultScore": 14.23557
    },
    {
      "@type": "EntitySearchResult",
      "result": {
        "@id": "kg:/m/0j29fz6",
        "name": "2012 Copa del Rey Final",
        "@type": [
          "Event",
          "Thing"
        ],
        "description": "Contest",
        "detailedDescription": {
          "articleBody": "The 2012 Copa del Rey Final was the 110th final since its establishment. The match was contested by Athletic Bilbao and Barcelona on 25 May 2012 at the Vicente Calderón in Madrid. ",
          "url": "http://en.wikipedia.org/wiki/2012_Copa_del_Rey_Final",
          "license": "https://en.wikipedia.org/wiki/Wikipedia:Text_of_Creative_Commons_Attribution-ShareAlike_3.0_Unported_License"
        }
      },
      "resultScore": 14.188028
    },
    {
      "@type": "EntitySearchResult",
      "result": {
        "@id": "kg:/m/0c3zzly",
        "name": "Mario Götze",
        "@type": [
          "Person",
          "Thing"
        ],
        "description": "Soccer player",
        "image": {
          "contentUrl": "http://t2.gstatic.com/images?q=tbn:ANd9GcRWH_6RgXzg7RJrxx_AYK6W4Mi3Jx9o2XM4nxRdwkjB100qUB0O",
          "url": "https://en.wikipedia.org/wiki/Mario_G%C3%B6tze",
          "license": "http://www.gnu.org/copyleft/fdl.html"
        },
        "detailedDescription": {
          "articleBody": "Mario Götze is a German footballer who plays as an attacking midfielder for Bayern Munich and the Germany national team. Although his favoured position is that of a playmaker, he can also be deployed as a striker or winger. ",
          "url": "http://en.wikipedia.org/wiki/Mario_G%C3%B6tze",
          "license": "https://en.wikipedia.org/wiki/Wikipedia:Text_of_Creative_Commons_Attribution-ShareAlike_3.0_Unported_License"
        },
        "url": "http://www.mario-goetze.com/"
      },
      "resultScore": 13.948222
    },
    {
      "@type": "EntitySearchResult",
      "result": {
        "@id": "kg:/m/0zdndy4",
        "name": "FIFA World",
        "@type": [
          "VideoGame",
          "Thing"
        ],
        "description": "Online game",
        "detailedDescription": {
          "articleBody": "FIFA World was a free-to-play massively multiplayer online football game developed by Electronic Arts. It was announced on 9 August 2013 and later an open beta was released on 12 November 2013 in Brazil and Russia. ",
          "url": "http://en.wikipedia.org/wiki/FIFA_World",
          "license": "https://en.wikipedia.org/wiki/Wikipedia:Text_of_Creative_Commons_Attribution-ShareAlike_3.0_Unported_License"
        },
        "url": "https://www.easportsfifaworld.com/home"
      },
      "resultScore": 13.895818
    },
    {
      "@type": "EntitySearchResult",
      "result": {
        "@id": "kg:/m/02pkkj_",
        "name": "Gorka Elustondo",
        "@type": [
          "Person",
          "Thing"
        ],
        "description": "Soccer player",
        "image": {
          "contentUrl": "http://t2.gstatic.com/images?q=tbn:ANd9GcT0ym3NJ8MEqLkAnmXLaQIU3lqjWChFtj_9kM8uKSQ5pQrqWXxk",
          "url": "http://en.wikipedia.org/wiki/Gorka_Elustondo",
          "license": "http://creativecommons.org/licenses/by-sa/3.0"
        },
        "detailedDescription": {
          "articleBody": "Gorka Elustondo Urkola is a Spanish professional footballer who plays for Athletic Bilbao as a central defender or a defensive midfielder.\n",
          "url": "http://en.wikipedia.org/wiki/Gorka_Elustondo",
          "license": "https://en.wikipedia.org/wiki/Wikipedia:Text_of_Creative_Commons_Attribution-ShareAlike_3.0_Unported_License"
        }
      },
      "resultScore": 13.75041
    },
    {
      "@type": "EntitySearchResult",
      "result": {
        "@id": "kg:/m/0t_ds3r",
        "name": "2013–14 Copa del Rey",
        "@type": [
          "Thing",
          "Event"
        ],
        "description": "Competition",
        "detailedDescription": {
          "articleBody": "The 2013–14 Copa del Rey was the 112th staging of the Copa del Rey. The competition began on 4 September 2013 and ended on 16 April 2014 with the final. ",
          "url": "http://en.wikipedia.org/wiki/2013%E2%80%9314_Copa_del_Rey",
          "license": "https://en.wikipedia.org/wiki/Wikipedia:Text_of_Creative_Commons_Attribution-ShareAlike_3.0_Unported_License"
        }
      },
      "resultScore": 13.711522
    },
    {
      "@type": "EntitySearchResult",
      "result": {
        "@id": "kg:/m/0640hhv",
        "name": "2009 Supercopa de España",
        "@type": [
          "Event",
          "Thing"
        ],
        "description": "Contest",
        "detailedDescription": {
          "articleBody": "The 2009 Supercopa de España was two-legged Spanish football match-up played on 16 August and 23 August 2009. It was contested by Athletic Bilbao, the 2008–09 Copa del Rey runners-up, and FC Barcelona, the 2008–09 Primera División and 2008–09 Copa del Rey Winners.\n",
          "url": "http://en.wikipedia.org/wiki/2009_Supercopa_de_Espa%C3%B1a",
          "license": "https://en.wikipedia.org/wiki/Wikipedia:Text_of_Creative_Commons_Attribution-ShareAlike_3.0_Unported_License"
        }
      },
      "resultScore": 13.657354
    },
    {
      "@type": "EntitySearchResult",
      "result": {
        "@id": "kg:/m/0glpbph",
        "name": "2011 UEFA Super Cup",
        "@type": [
          "Event",
          "Thing"
        ],
        "description": "Competition",
        "detailedDescription": {
          "articleBody": "The 2011 UEFA Super Cup was the 36th UEFA Super Cup, between the reigning champions of the two club competitions organised by the European football governing body UEFA: the UEFA Champions League and the UEFA Europa League. ",
          "url": "http://en.wikipedia.org/wiki/2011_UEFA_Super_Cup",
          "license": "https://en.wikipedia.org/wiki/Wikipedia:Text_of_Creative_Commons_Attribution-ShareAlike_3.0_Unported_License"
        }
      },
      "resultScore": 13.638783
    },
    {
      "@type": "EntitySearchResult",
      "result": {
        "@id": "kg:/m/03gvfdv",
        "name": "Juan Manuel Torres",
        "@type": [
          "Thing",
          "Person"
        ],
        "description": "Soccer midfielder",
        "image": {
          "contentUrl": "http://t0.gstatic.com/images?q=tbn:ANd9GcQ0d3YZmqudyrqOu6iSE51VSU6Q7qzZW8_Q_fFqaMaycfeqntkn",
          "url": "http://en.wikipedia.org/wiki/Juan_Manuel_Torres",
          "license": "http://creativecommons.org/licenses/by-sa/3.0"
        },
        "detailedDescription": {
          "articleBody": "Juan Manuel Torres, better known as Chaco Torres, is an Argentine football midfielder who plays in Ukraine for Metalist Kharkiv. Usually played as a defensive midfielder.",
          "url": "http://en.wikipedia.org/wiki/Juan_Manuel_Torres",
          "license": "https://en.wikipedia.org/wiki/Wikipedia:Text_of_Creative_Commons_Attribution-ShareAlike_3.0_Unported_License"
        }
      },
      "resultScore": 13.547112
    },
    {
      "@type": "EntitySearchResult",
      "result": {
        "@id": "kg:/m/025zjfr",
        "name": "Gonzalo Higuaín",
        "@type": [
          "Person",
          "Thing"
        ],
        "description": "Soccer player",
        "image": {
          "contentUrl": "http://t2.gstatic.com/images?q=tbn:ANd9GcTWCqTSMP0uHyZrKU3nSz4iICRszB3lGy5v8ZR4ZTX783GV3KML",
          "url": "https://sq.wikipedia.org/wiki/Gonzalo_Higua%C3%ADn",
          "license": "http://creativecommons.org/licenses/by-sa/3.0"
        },
        "detailedDescription": {
          "articleBody": "Gonzalo Gerardo Higuaín is a French-born Argentine professional footballer who plays for Italian club Napoli and the Argentina national team as a striker.\n",
          "url": "http://en.wikipedia.org/wiki/Gonzalo_Higua%C3%ADn",
          "license": "https://en.wikipedia.org/wiki/Wikipedia:Text_of_Creative_Commons_Attribution-ShareAlike_3.0_Unported_License"
        }
      },
      "resultScore": 13.533785
    },
    {
      "@type": "EntitySearchResult",
      "result": {
        "@id": "kg:/m/0s97ywx",
        "name": "NK Malečnik",
        "@type": [
          "Organization",
          "Thing",
          "SportsTeam"
        ],
        "description": "Soccer club",
        "detailedDescription": {
          "articleBody": "Nogometni Klub Malečnik, commonly referred to as NK Malečnik or simply Malečnik, is a Slovenian football club, which plays in the town of Malečnik, near Maribor. The club was established in 1960.",
          "url": "http://en.wikipedia.org/wiki/NK_Male%C4%8Dnik",
          "license": "https://en.wikipedia.org/wiki/Wikipedia:Text_of_Creative_Commons_Attribution-ShareAlike_3.0_Unported_License"
        }
      },
      "resultScore": 13.527647
    },
    {
      "@type": "EntitySearchResult",
      "result": {
        "@id": "kg:/m/067l31",
        "name": "Antonín Panenka",
        "@type": [
          "Thing",
          "Person"
        ],
        "description": "Soccer player",
        "image": {
          "contentUrl": "http://t0.gstatic.com/images?q=tbn:ANd9GcTX3846g67LrOoOdjgMEO4zetA7Htf_v5Su6YOYTOe1JoBLGmuq",
          "url": "https://en.wikipedia.org/wiki/Panenka_(penalty_kick)",
          "license": "http://creativecommons.org/licenses/by-sa/3.0"
        },
        "detailedDescription": {
          "articleBody": "Antonín Panenka is a Czech former footballer. He played most of his career for Bohemians Prague. Panenka won the 1976 European Championship with Czechoslovakia. ",
          "url": "http://en.wikipedia.org/wiki/Anton%C3%ADn_Panenka",
          "license": "https://en.wikipedia.org/wiki/Wikipedia:Text_of_Creative_Commons_Attribution-ShareAlike_3.0_Unported_License"
        }
      },
      "resultScore": 13.512347
    },
    {
      "@type": "EntitySearchResult",
      "result": {
        "@id": "kg:/m/06_wwsd",
        "name": "Iker Muniain",
        "@type": [
          "Thing",
          "Person"
        ],
        "description": "Soccer player",
        "image": {
          "contentUrl": "http://t3.gstatic.com/images?q=tbn:ANd9GcQei72OxXYQe0hvQi0Ngh_Ox2xB0HsizuXC4ywrDPNPpVwnSLAb",
          "url": "http://en.wikipedia.org/wiki/Iker_Muniain",
          "license": "http://creativecommons.org/licenses/by/2.0"
        },
        "detailedDescription": {
          "articleBody": "Iker Muniain Goñi is a Spanish professional footballer who plays for Athletic Bilbao mainly as a left winger.\nDue to his style of play and stature, he was dubbed \"the Spanish Messi\" by the media. ",
          "url": "http://en.wikipedia.org/wiki/Iker_Muniain",
          "license": "https://en.wikipedia.org/wiki/Wikipedia:Text_of_Creative_Commons_Attribution-ShareAlike_3.0_Unported_License"
        }
      },
      "resultScore": 13.371213
    },
    {
      "@type": "EntitySearchResult",
      "result": {
        "@id": "kg:/m/0r4zfgy",
        "name": "2013–14 La Liga",
        "@type": [
          "Thing",
          "Event"
        ],
        "description": "Football League Season",
        "detailedDescription": {
          "articleBody": "The 2013–14 La Liga season was the 83rd since its establishment. Match days were drawn on 9 July 2013. The season began on 17 August 2013 and ended on 18 May 2014. ",
          "url": "http://en.wikipedia.org/wiki/2013%E2%80%9314_La_Liga",
          "license": "https://en.wikipedia.org/wiki/Wikipedia:Text_of_Creative_Commons_Attribution-ShareAlike_3.0_Unported_License"
        }
      },
      "resultScore": 13.276982
    },
    {
      "@type": "EntitySearchResult",
      "result": {
        "@id": "kg:/m/076z9z5",
        "name": "2006 Supercopa de España",
        "@type": [
          "Event",
          "Thing"
        ],
        "description": "Contest",
        "detailedDescription": {
          "articleBody": "The 2006 Supercopa de España was a two-leg Spanish football match played on 17 and 20 August 2006.\nIt was contested by league champions FC Barcelona and cup-winners RCD Espanyol. FC Barcelona won 4–0 on aggregate.",
          "url": "http://en.wikipedia.org/wiki/2006_Supercopa_de_Espa%C3%B1a",
          "license": "https://en.wikipedia.org/wiki/Wikipedia:Text_of_Creative_Commons_Attribution-ShareAlike_3.0_Unported_License"
        }
      },
      "resultScore": 13.260258
    },
    {
      "@type": "EntitySearchResult",
      "result": {
        "@id": "kg:/m/0bs5lcl",
        "name": "2010–11 La Liga",
        "@type": [
          "Event",
          "Thing"
        ],
        "description": "Contest",
        "detailedDescription": {
          "articleBody": "The 2010–11 La Liga season was the 80th since its establishment. The campaign began on 28 August 2010 and ended on 21 May 2011. ",
          "url": "http://en.wikipedia.org/wiki/2010%E2%80%9311_La_Liga",
          "license": "https://en.wikipedia.org/wiki/Wikipedia:Text_of_Creative_Commons_Attribution-ShareAlike_3.0_Unported_License"
        }
      },
      "resultScore": 13.241407
    },
    {
      "@type": "EntitySearchResult",
      "result": {
        "@id": "kg:/m/07cyt6",
        "name": "Andrés Iniesta",
        "@type": [
          "Thing",
          "Person"
        ],
        "description": "Soccer player",
        "image": {
          "contentUrl": "http://t3.gstatic.com/images?q=tbn:ANd9GcSighZdoK_efB_fVt82HNh660MNJNDsUgPw9lByRa0-U3ZutWlj",
          "url": "https://en.wikipedia.org/wiki/Andr%C3%A9s_Iniesta",
          "license": "http://creativecommons.org/licenses/by-sa/2.0"
        },
        "detailedDescription": {
          "articleBody": "Andrés Iniesta Luján is a Spanish professional footballer who plays for FC Barcelona and the Spain national team. He serves as the captain for Barcelona. ",
          "url": "http://en.wikipedia.org/wiki/Andr%C3%A9s_Iniesta",
          "license": "https://en.wikipedia.org/wiki/Wikipedia:Text_of_Creative_Commons_Attribution-ShareAlike_3.0_Unported_License"
        },
        "url": "http://www.andresiniesta.es/"
      },
      "resultScore": 13.181473
    },
    {
      "@type": "EntitySearchResult",
      "result": {
        "@id": "kg:/m/0b6nk2w",
        "name": "Pro Evolution Soccer 2011",
        "@type": [
          "Thing",
          "VideoGame"
        ],
        "description": "Video game",
        "detailedDescription": {
          "articleBody": "PES 2011\nPro Evolution Soccer 2011 is an association football video game in the Pro Evolution Soccer series developed and published by Konami with production assistance from the Blue Sky Team. It was released in 2010-2011. ",
          "url": "http://en.wikipedia.org/wiki/Pro_Evolution_Soccer_2011",
          "license": "https://en.wikipedia.org/wiki/Wikipedia:Text_of_Creative_Commons_Attribution-ShareAlike_3.0_Unported_License"
        },
        "url": "http://www.pes2011.com/"
      },
      "resultScore": 13.145095
    },
    {
      "@type": "EntitySearchResult",
      "result": {
        "@id": "kg:/m/09gjydb",
        "name": "Javi Varas",
        "@type": [
          "Person",
          "Thing"
        ],
        "description": "Soccer player",
        "image": {
          "contentUrl": "http://t1.gstatic.com/images?q=tbn:ANd9GcTzOz0M1xqFihTf5oE06TcY3h70G6j7uSczdAnCrwaeNAbXMYxG",
          "url": "http://en.wikipedia.org/wiki/Javi_Varas",
          "license": "http://creativecommons.org/licenses/by-sa/3.0"
        },
        "detailedDescription": {
          "articleBody": "Javier 'Javi' Varas Herrera is a Spanish professional footballer who plays for UD Las Palmas as a goalkeeper.",
          "url": "http://en.wikipedia.org/wiki/Javi_Varas",
          "license": "https://en.wikipedia.org/wiki/Wikipedia:Text_of_Creative_Commons_Attribution-ShareAlike_3.0_Unported_License"
        }
      },
      "resultScore": 13.138306
    },
    {
      "@type": "EntitySearchResult",
      "result": {
        "@id": "kg:/m/02vr3m2",
        "name": "Viktor Kassai",
        "@type": [
          "Person",
          "Thing"
        ],
        "description": "Football Referee",
        "image": {
          "contentUrl": "http://t0.gstatic.com/images?q=tbn:ANd9GcQ1yFu5RwOcS8egakp97tZPB-qm1L--3iXRcVybgU5cct7BBdRP",
          "url": "http://en.wikipedia.org/wiki/Viktor_Kassai",
          "license": "http://www.gnu.org/copyleft/fdl.html"
        },
        "detailedDescription": {
          "articleBody": "Viktor Kassai is a Hungarian football referee. He participated in the 2010 FIFA World Cup and refereed the 2011 UEFA Champions League Final. He has been a full international referee for FIFA since 2003.",
          "url": "http://en.wikipedia.org/wiki/Viktor_Kassai",
          "license": "https://en.wikipedia.org/wiki/Wikipedia:Text_of_Creative_Commons_Attribution-ShareAlike_3.0_Unported_License"
        }
      },
      "resultScore": 13.109861
    },
    {
      "@type": "EntitySearchResult",
      "result": {
        "@id": "kg:/m/0c01221",
        "name": "2009 Copa del Rey Final",
        "@type": [
          "Thing",
          "Event"
        ],
        "description": "Competition",
        "detailedDescription": {
          "articleBody": "The 2009 Copa del Rey Final was the 107th final of the Spanish cup competition, the Copa del Rey. The final was played at Mestalla in Valencia on 13 May 2009. The match was won by FC Barcelona, who beat Athletic Bilbao 4 – 1. ",
          "url": "http://en.wikipedia.org/wiki/2009_Copa_del_Rey_Final",
          "license": "https://en.wikipedia.org/wiki/Wikipedia:Text_of_Creative_Commons_Attribution-ShareAlike_3.0_Unported_License"
        }
      },
      "resultScore": 12.783626
    },
    {
      "@type": "EntitySearchResult",
      "result": {
        "@id": "kg:/m/026tft7",
        "name": "Jonás Gutiérrez",
        "@type": [
          "Thing",
          "Person"
        ],
        "description": "Soccer player",
        "image": {
          "contentUrl": "http://t3.gstatic.com/images?q=tbn:ANd9GcTPSgzOx1oHFrY99QfgNEhLGd6OURqkrvdSt-LcXVYGm4nOFZws",
          "url": "http://en.wikipedia.org/wiki/Jon%C3%A1s_Guti%C3%A9rrez",
          "license": "http://creativecommons.org/licenses/by/2.0"
        },
        "detailedDescription": {
          "articleBody": "Jonás Manuel Gutiérrez is an Argentine professional footballer who plays as a midfielder for Spanish club Deportivo de La Coruña. He acquired the nickname \"Spider-Man\" for his goal celebration of putting on a mask of the superhero. He also calls himself \"El Galgo\", which means \"The Greyhound\" in Spanish.\nHe began his career with Vélez Sarsfield, moving to Mallorca in 2005 after winning the Clausura. ",
          "url": "http://en.wikipedia.org/wiki/Jon%C3%A1s_Guti%C3%A9rrez",
          "license": "https://en.wikipedia.org/wiki/Wikipedia:Text_of_Creative_Commons_Attribution-ShareAlike_3.0_Unported_License"
        },
        "url": "http://www.jonasgutierrez.com/"
      },
      "resultScore": 12.775331
    },
    {
      "@type": "EntitySearchResult",
      "result": {
        "@id": "kg:/m/0ks1h8",
        "name": "Luciana Aymar",
        "@type": [
          "Thing",
          "Person"
        ],
        "description": "Field Hockey player",
        "image": {
          "contentUrl": "http://t1.gstatic.com/images?q=tbn:ANd9GcTg-AfoRpvEJRbJXd9BFQ3kwnB7znBk3YXPIvodWNPZlRFefb3O",
          "url": "https://commons.wikimedia.org/wiki/File:Luciana_Aymar-2491647518.jpg",
          "license": "http://creativecommons.org/licenses/by/2.0"
        },
        "detailedDescription": {
          "articleBody": "Luciana Paula Aymar is a retired Argentine field hockey player.\nShe is the only player in history to receive the FIH Player of the Year Award eight times, and she is considered as the best female hockey player of all time.\n",
          "url": "http://en.wikipedia.org/wiki/Luciana_Aymar",
          "license": "https://en.wikipedia.org/wiki/Wikipedia:Text_of_Creative_Commons_Attribution-ShareAlike_3.0_Unported_License"
        }
      },
      "resultScore": 12.711138
    },
    {
      "@type": "EntitySearchResult",
      "result": {
        "@id": "kg:/m/0wbkjdv",
        "name": "Julian Green",
        "@type": [
          "Thing",
          "Person"
        ],
        "description": "Soccer Player",
        "image": {
          "contentUrl": "http://t2.gstatic.com/images?q=tbn:ANd9GcSv-tw9Xy3HBT0vTOXvcRjuherA_JMvY67eObSy_I6WIfWDDuoD",
          "url": "http://en.wikipedia.org/wiki/Julian_Green",
          "license": "http://creativecommons.org/licenses/by-sa/2.0"
        },
        "detailedDescription": {
          "articleBody": "Julian Wesley Green is an American professional soccer player who plays as a winger for FC Bayern Munich, and for the United States national team.\n",
          "url": "http://en.wikipedia.org/wiki/Julian_Green",
          "license": "https://en.wikipedia.org/wiki/Wikipedia:Text_of_Creative_Commons_Attribution-ShareAlike_3.0_Unported_License"
        }
      },
      "resultScore": 12.646801
    },
    {
      "@type": "EntitySearchResult",
      "result": {
        "@id": "kg:/m/02xt6q",
        "name": "Cristiano Ronaldo",
        "@type": [
          "Thing",
          "Person"
        ],
        "description": "Soccer player",
        "image": {
          "contentUrl": "http://t2.gstatic.com/images?q=tbn:ANd9GcRjbnnw1UUy2OMwhefTfdOsVm_RX0VT_OPDnrNo2mwsPQLkhbDg",
          "url": "https://en.wikipedia.org/wiki/Cristiano_Ronaldo",
          "license": "http://creativecommons.org/licenses/by/2.0"
        },
        "detailedDescription": {
          "articleBody": "Cristiano Ronaldo dos Santos Aveiro, GOIH, known as Cristiano Ronaldo, is a Portuguese professional footballer who plays for Spanish club Real Madrid and the Portugal national team. He is a forward and serves as captain for Portugal. ",
          "url": "http://en.wikipedia.org/wiki/Cristiano_Ronaldo",
          "license": "https://en.wikipedia.org/wiki/Wikipedia:Text_of_Creative_Commons_Attribution-ShareAlike_3.0_Unported_License"
        },
        "url": "http://www.cristianoronaldoofficial.com"
      },
      "resultScore": 12.626652
    },
    {
      "@type": "EntitySearchResult",
      "result": {
        "@id": "kg:/m/02w9csy",
        "name": "Argentina national under-20 football team",
        "@type": [
          "Thing",
          "Organization",
          "SportsTeam"
        ],
        "description": "Soccer team",
        "detailedDescription": {
          "articleBody": "The Argentina national under-20 football team is the representative of Argentina in FIFA sponsored tournaments that pertain to that age level.\n",
          "url": "http://en.wikipedia.org/wiki/Argentina_national_under-20_football_team",
          "license": "https://en.wikipedia.org/wiki/Wikipedia:Text_of_Creative_Commons_Attribution-ShareAlike_3.0_Unported_License"
        }
      },
      "resultScore": 12.529036
    },
    {
      "@type": "EntitySearchResult",
      "result": {
        "@id": "kg:/m/07nn8g",
        "name": "2007 Copa América",
        "@type": [
          "Event",
          "Thing"
        ],
        "description": "Competition",
        "image": {
          "contentUrl": "http://t3.gstatic.com/images?q=tbn:ANd9GcSi2olA7YC0XOqT2pkGk5X5LuG0w5EJPNVWEI-OsOJldrV5djX_",
          "url": "https://es.wikipedia.org/wiki/Copa_Am%C3%A9rica_2007",
          "license": "http://creativecommons.org/licenses/by-sa/2.0"
        },
        "detailedDescription": {
          "articleBody": "The 2007 Campeonato Sudamericano Copa América, known simply as the 2007 Copa América or 2007 Copa América Venezuela, was the 42nd edition of the Copa América, the South-American championship for international association football teams. ",
          "url": "http://en.wikipedia.org/wiki/2007_Copa_Am%C3%A9rica",
          "license": "https://en.wikipedia.org/wiki/Wikipedia:Text_of_Creative_Commons_Attribution-ShareAlike_3.0_Unported_License"
        }
      },
      "resultScore": 12.47326
    },
    {
      "@type": "EntitySearchResult",
      "result": {
        "@id": "kg:/m/02_js1",
        "name": "FIFA",
        "@type": [
          "VideoGameSeries",
          "Thing"
        ],
        "description": "Video game series",
        "detailedDescription": {
          "articleBody": "FIFA, also known as FIFA Football or FIFA Soccer, is a series of association football video games or football simulator, released annually by Electronic Arts under the EA Sports label. ",
          "url": "http://en.wikipedia.org/wiki/FIFA_(video_game_series)",
          "license": "https://en.wikipedia.org/wiki/Wikipedia:Text_of_Creative_Commons_Attribution-ShareAlike_3.0_Unported_License"
        },
        "url": "http://www.easports.com/fifa"
      },
      "resultScore": 12.470567
    },
    {
      "@type": "EntitySearchResult",
      "result": {
        "@id": "kg:/m/04crflb",
        "name": "David Abraham",
        "@type": [
          "Person",
          "Thing"
        ],
        "description": "Soccer player",
        "detailedDescription": {
          "articleBody": "David Ángel Abraham is an Argentine professional footballer who plays for Eintracht Frankfurt in the German Bundesliga as a central defender.",
          "url": "http://en.wikipedia.org/wiki/David_Abraham_(footballer)",
          "license": "https://en.wikipedia.org/wiki/Wikipedia:Text_of_Creative_Commons_Attribution-ShareAlike_3.0_Unported_License"
        }
      },
      "resultScore": 12.386382
    },
    {
      "@type": "EntitySearchResult",
      "result": {
        "@id": "kg:/m/02qh7kx",
        "name": "Mohammed Ahmed (Polo)",
        "@type": [
          "Thing",
          "Person"
        ],
        "description": "Soccer player",
        "detailedDescription": {
          "articleBody": "Alhaji Mohammed Ahmed (Polo) and popularly known as the \"Dribbling Magician\", is a former Ghanaian international football player and arguably the most technically gifted player ever to emerge from Ghana. ",
          "url": "http://en.wikipedia.org/wiki/Mohammed_Ahmed_(Polo)",
          "license": "https://en.wikipedia.org/wiki/Wikipedia:Text_of_Creative_Commons_Attribution-ShareAlike_3.0_Unported_License"
        }
      },
      "resultScore": 12.347878
    },
    {
      "@type": "EntitySearchResult",
      "result": {
        "@id": "kg:/m/03hnxxq",
        "name": "Pedro",
        "@type": [
          "Thing",
          "Person"
        ],
        "description": "Soccer player",
        "image": {
          "contentUrl": "http://t1.gstatic.com/images?q=tbn:ANd9GcTKyn3CNJRqCzKDKlSsvEwq-dETodPc9q2uLZR9t4d2lmMrm_NM",
          "url": "https://commons.wikimedia.org/wiki/File:Bar%C3%A7a_-_Napoli_-_20140806_-_Pedro_Rodriguez.jpg",
          "license": "http://creativecommons.org/licenses/by-sa/3.0"
        },
        "detailedDescription": {
          "articleBody": "Pedro Eliezer Rodríguez Ledesma, commonly known as Pedro or Pedrito, is a Spanish professional footballer who plays as a forward or a winger for English club Chelsea and the Spain national team.\n",
          "url": "http://en.wikipedia.org/wiki/Pedro_(footballer,_born_July_1987)",
          "license": "https://en.wikipedia.org/wiki/Wikipedia:Text_of_Creative_Commons_Attribution-ShareAlike_3.0_Unported_License"
        }
      },
      "resultScore": 12.336168
    }
  ]
}
