{
 "kind": "plus#peopleFeed",
 "etag": "\"4OZ_Kt6ujOh1jaML_U6RM6APqoE/hobtjAWgeD6jARSvtrx-nyBoni0\"",
 "selfLink": "https://www.googleapis.com/plus/v1/people?query=Diego%20Collarana&key=AIzaSyAA1t79U3C5ZmSJtXCETCUDpvx6m-3sJPQ",
 "title": "Google+ People Search Results",
 "items": [
  {
   "kind": "plus#person",
   "etag": "\"4OZ_Kt6ujOh1jaML_U6RM6APqoE/bqXLE4wtl7vKGqRKseJS0lzs2yU\"",
   "objectType": "person",
   "id": "107695141479539444420",
   "displayName": "Diego Collarana",
   "url": "https://plus.google.com/107695141479539444420",
   "image": {
    "url": "https://lh3.googleusercontent.com/-KK4aabvXvC8/AAAAAAAAAAI/AAAAAAAAEJg/HYfEyP7PFyQ/photo.jpg?sz=50"
   }
  }
 ]
}
