[{
		"kind" : "plus#person",
		"etag" : "\"4OZ_Kt6ujOh1jaML_U6RM6APqoE/O0Qk-2OrNLbk891KCRNOs1OKCL0\"",
		"urls" : [{
				"value" : "http://www.bdk.de",
				"type" : "website",
				"label" : "www.bdk.de"
			}, {
				"value" : "https://www.facebook.com/bdk.de",
				"type" : "other",
				"label" : "www.facebook.com/bdk.de"
			}, {
				"value" : "https://twitter.com/BDK_Bund",
				"type" : "other",
				"label" : "twitter.com/BDK_Bund"
			}, {
				"value" : "http://www.meinvz.net/bdk",
				"type" : "other",
				"label" : "www.meinvz.net/bdk"
			}, {
				"value" : "http://www.studivz.net/bdk",
				"type" : "other",
				"label" : "www.studivz.net/bdk"
			}
		],
		"objectType" : "page",
		"id" : "110674827334653607112",
		"displayName" : "Bund Deutscher Kriminalbeamter",
		"tagline" : "WIR sind die Vertretung der Kripo!",
		"aboutMe" : "\u003cb\u003eBDK ist Kripo!\n\u003c/b\u003e\u003cdiv\u003e\n\u003cp\u003eDer BDK vertritt kompetent und ausschließlich die beruflichen und \nsozialen Belange aller Angehörigen der Kriminalpolizei, Beamte \nwie Tarifbeschäftigte und setzt sich für die wirtschaftlichen, \nberuflichen, sozialen und kulturellen Interessen seiner Mitglieder ein. \nDer BDK zählt bereits heute die überwiegende Mehrheit aller \nKriminalbeamtinnen und -beamten zu seinen Mitgliedern.\u003c/p\u003e\n\u003c/div\u003e\n\u003cb\u003eBeitrag zur praxisnahen und fortschrittlichen Kriminalitätskontrolle \n\n\u003c/b\u003e\u003cp\u003eDer BDK strebt zu den Trägern politischer Verantwortung, zu anderen \nGewerkschaften und Berufsverbänden sowie zu den Medien ein den \ngemeinsamen Interessen dienendes Verhältnis an. Durch das Wirken im \npolitischen Raum, in der Öffentlichkeit und in der polizeilichen \nOrganisation - so hat es der BDK in seinem Grundsatzprogramm \nfestgeschrieben - leistet er seinen Beitrag zur Entwicklung einer \npraxisnahen, realistischen und fortschrittlichen \nKriminalitätskontrolle.  \u003c/p\u003e\n\u003cb\u003eVorschläge und Forderungen aus der Praxis der Kriminalpolizei \n\u003c/b\u003e\u003cp\u003eDer Bund Deutscher Kriminalbeamter setzt sich im gewerkschaftlichen und politischen Bereich folgende Ziele\u003c/p\u003e\n\u003cb\u003eGewerkschaftliche Ziele\u003c/b\u003e: \u003cbr /\u003e\n\u003cul\u003e\u003cli\u003ePersonal\u003c/li\u003e\u003cli\u003eAus- und Fortbildung\u003c/li\u003e\u003cli\u003eLaufbahn\u003c/li\u003e\u003cli\u003eBesoldung, Versorgung, Vergütung\u003c/li\u003e\u003cli\u003eOrganisation\u003c/li\u003e\u003cli\u003eAusstattung\u003c/li\u003e\u003cli\u003eFührung und Mitbestimmung\u003c/li\u003e\u003cli\u003eDienst- und Arbeitsrecht\u003c/li\u003e\u003c/ul\u003e\n\u003cb\u003eKriminalpolitische Ziele: \u003c/b\u003e\u003cbr /\u003e\n\u003cul\u003e\u003cli\u003eStaatsziel Innere Sicherheit\u003c/li\u003e\u003cli\u003eMaterielles Recht\u003c/li\u003e\u003cli\u003eFormelles Recht\u003c/li\u003e\u003cli\u003ePolizeigesetze\u003c/li\u003e\u003cli\u003eForschung\u003c/li\u003e\u003cli\u003eJustiz/Strafvollzug\u003c/li\u003e\u003cli\u003eEuropol, internationale polizeiliche Zusammenarbeit\u003c/li\u003e\u003cli\u003eVerfassungsschutz und Nachrichtendienste\u003c/li\u003e\u003c/ul\u003e\n\u003cb\u003eKriminalitätskontrolle als gesamtgesellschaftliche Aufgabe: \u003c/b\u003e\u003cbr /\u003e\n\u003cul\u003e\u003cli\u003eRolle der Polizei\u003c/li\u003e\u003cli\u003eZusammenwirkung mit anderen Institutionen\u003c/li\u003e\u003cli\u003ePrävention\u003c/li\u003e\u003c/ul\u003e\u003cspan\u003e\u003cp\u003e\u003cb\u003e\u003cbr /\u003e\u003c/b\u003e\u003c/p\u003e\u003cp\u003e\u003cb\u003e\u003cbr /\u003e\u003c/b\u003e\u003c/p\u003e\u003cp\u003e\u003cb\u003eImpressum\u003c/b\u003e\u003c/p\u003e\u003cp\u003e \u003c/p\u003e\u003cp\u003eBund Deutscher Kriminalbeamter e.V.\u003c/p\u003e\u003cp\u003eBundesgeschäftsstelle\u003c/p\u003e\u003cp\u003ePoststraße 4-5\u003c/p\u003e\u003cp\u003eD-10178 Berlin\u003c/p\u003e\u003cp\u003eTelefon: +49 (0) 30.24 630 45 0\u003c/p\u003e\u003cp\u003eTelefax: +49 (0) 30.24 630 45 29\u003c/p\u003e\u003cp\u003eE-Mail: \u003ca href=\"mailto:bdk.bgs@bdk.de\" rel=\"nofollow\" target=\"_blank\"\u003ebdk.bgs@bdk.de\u003c/a\u003e\u003c/p\u003e\u003cp\u003e \u003c/p\u003e\u003cp\u003eRegistergericht: Amtsgericht Berlin (Charlottenburg)\u003c/p\u003e\u003cp\u003eRegisternummer: VR 29772\u003c/p\u003e\u003cp\u003e \u003c/p\u003e\u003cp\u003e\u003cb\u003eVertretungsberechtigte:\u003c/b\u003e\u003c/p\u003e\u003cp\u003eAndré Schulz (komm. Bundesvorsitzender)\u003c/p\u003e\u003cp\u003e \u003c/p\u003e\u003cp\u003e\u003cb\u003eWebmaster/Administratoren\u003c/b\u003e\u003c/p\u003e\u003cp\u003eLars Lindner | BDK Bundesgeschäftstelle\u003c/p\u003e\u003c/span\u003e",
		"url" : "https://plus.google.com/+BdkDe",
		"image" : {
			"url" : "https://lh3.googleusercontent.com/-r-QyW07su8U/AAAAAAAAAAI/AAAAAAAAADk/TC_yaFMRxqI/photo.jpg?sz=50",
			"isDefault" : false
		},
		"isPlusUser" : true,
		"plusOneCount" : 193,
		"circledByCount" : 52,
		"verified" : false,
		"cover" : {
			"layout" : "banner",
			"coverPhoto" : {
				"url" : "https://lh3.googleusercontent.com/V6luJZd5fiEa0SwgzDlJhf2UFoTfZOa_BtZ-S1Pnw8BZ_hfcTtx5LetybbmskafNRMT5=s630-fcrop64=1,000005d5ffffe03d",
				"height" : 624,
				"width" : 940
			},
			"coverInfo" : {
				"topImageOffset" : 0,
				"leftImageOffset" : 0
			}
		}
	}, {
		"kind" : "plus#person",
		"etag" : "\"4OZ_Kt6ujOh1jaML_U6RM6APqoE/U0_Hj1y7Fom4CN7uY9bZl_Qs69Q\"",
		"nickname" : "Bund Deutscher Kriminalbeamter e.V.",
		"urls" : [{
				"value" : "http://www.bdk.de/",
				"type" : "website",
				"label" : "http://www.bdk.de/"
			}
		],
		"objectType" : "page",
		"id" : "115211237700124819162",
		"displayName" : "Bund Deutscher Kriminalbeamter e.V.",
		"url" : "https://plus.google.com/115211237700124819162",
		"image" : {
			"url" : "https://lh3.googleusercontent.com/-q1Smh9d8d0g/AAAAAAAAAAM/AAAAAAAAAAA/3YaY0XeTIPc/photo.jpg?sz=50",
			"isDefault" : true
		},
		"isPlusUser" : true,
		"plusOneCount" : 0,
		"circledByCount" : 0,
		"verified" : true
	}, {
		"kind" : "plus#person",
		"etag" : "\"4OZ_Kt6ujOh1jaML_U6RM6APqoE/nl-by21NjMPKzG_8lRtWsLJzM3Y\"",
		"objectType" : "page",
		"id" : "109015870203519858769",
		"displayName" : "Bund Deutscher Kriminalbeamter NRW",
		"url" : "https://plus.google.com/109015870203519858769",
		"image" : {
			"url" : "https://lh3.googleusercontent.com/-q1Smh9d8d0g/AAAAAAAAAAM/AAAAAAAAAAA/3YaY0XeTIPc/photo.jpg?sz=50",
			"isDefault" : true
		},
		"isPlusUser" : true,
		"plusOneCount" : 0,
		"circledByCount" : 0,
		"verified" : false
	}, {
		"kind" : "plus#person",
		"etag" : "\"4OZ_Kt6ujOh1jaML_U6RM6APqoE/xAXa-0e2KKiLjQodHPLEr-jGRNI\"",
		"gender" : "male",
		"objectType" : "person",
		"id" : "109412563508042711721",
		"displayName" : "André Schulz",
		"name" : {
			"familyName" : "Schulz",
			"givenName" : "André"
		},
		"url" : "https://plus.google.com/109412563508042711721",
		"image" : {
			"url" : "https://lh6.googleusercontent.com/-OIZFx6fs5vM/AAAAAAAAAAI/AAAAAAAAAEM/GXUJnQnmWyY/photo.jpg?sz=50",
			"isDefault" : false
		},
		"organizations" : [{
				"name" : "FHÖV Kiel-Altenholz",
				"title" : "Polizei",
				"type" : "school",
				"startDate" : "1997",
				"endDate" : "1999",
				"primary" : false
			}, {
				"name" : "Bund Deutscher Kriminalbeamter",
				"title" : "Bundesvorsitzender",
				"type" : "work",
				"startDate" : "2011",
				"primary" : true
			}, {
				"name" : "Kripo Hamburg",
				"type" : "work",
				"primary" : true
			}
		],
		"placesLived" : [{
				"value" : "Hamburg, Deutschland",
				"primary" : true
			}
		],
		"isPlusUser" : true,
		"circledByCount" : 34,
		"verified" : false,
		"cover" : {
			"layout" : "banner",
			"coverPhoto" : {
				"url" : "https://lh3.googleusercontent.com/6KL3iJLVja27Uw8OmbVkb37zS61jg-nJnn2wgg_MiYAi7x3t1s_OdCcJboNrSOqKCuc=s630-fcrop64=1,00001d52fffff789",
				"height" : 624,
				"width" : 940
			},
			"coverInfo" : {
				"topImageOffset" : 0,
				"leftImageOffset" : 0
			}
		}
	}, {
		"kind" : "plus#person",
		"etag" : "\"4OZ_Kt6ujOh1jaML_U6RM6APqoE/Y4vaIlorfz6n16G2qr01KvYcMt4\"",
		"gender" : "male",
		"objectType" : "person",
		"id" : "113164497027841916358",
		"displayName" : "Günter E. Brandt BDK",
		"name" : {
			"familyName" : "Brandt BDK",
			"givenName" : "Günter E."
		},
		"url" : "https://plus.google.com/113164497027841916358",
		"image" : {
			"url" : "https://lh3.googleusercontent.com/-QI48jdOf6pQ/AAAAAAAAAAI/AAAAAAAAADs/lcPc76hkxGM/photo.jpg?sz=50",
			"isDefault" : false
		},
		"organizations" : [{
				"name" : "Bund Deutscher Kriminalbeamter Hessen",
				"type" : "work",
				"primary" : true
			}
		],
		"placesLived" : [{
				"value" : "Hofheim am Taunus, Deutschland",
				"primary" : true
			}, {
				"value" : "60322, Frankfurt am Main, Deutschland"
			}
		],
		"isPlusUser" : true,
		"circledByCount" : 13,
		"verified" : false,
		"cover" : {
			"layout" : "banner",
			"coverPhoto" : {
				"url" : "https://lh3.googleusercontent.com/6ixEx8UvLERx38_-LnReY7dh3vYhLpCW3kWpA6lRRPKDpmyR1eo04VMcBvcQVeOL1fc=s630",
				"height" : 624,
				"width" : 940
			},
			"coverInfo" : {
				"topImageOffset" : -149,
				"leftImageOffset" : 0
			}
		}
	}, {
		"kind" : "plus#person",
		"etag" : "\"4OZ_Kt6ujOh1jaML_U6RM6APqoE/LDCZnyxh0HmVGUaRhtGJMPk5X-Y\"",
		"urls" : [{
				"value" : "http://www.detektei-deutschland.com",
				"type" : "website",
				"label" : "http://www.detektei-deutschland.com"
			}, {
				"value" : "http://www.detektei-deutschland.com",
				"type" : "other",
				"label" : "www.detektei-deutschland.com"
			}, {
				"value" : "http://www.youtube.com/detekteideutschland",
				"type" : "other",
				"label" : "www.youtube.com/detekteideutschland"
			}, {
				"value" : "http://www.twitter.com/detekteibremen",
				"type" : "other",
				"label" : "www.twitter.com/detekteibremen"
			}
		],
		"objectType" : "page",
		"id" : "114842535251983297353",
		"displayName" : "Detektei Deutschland Bastin",
		"tagline" : "Vertrauen & Kompetenz",
		"aboutMe" : "\u003cb\u003eÜber unsere Detektei\n\u003c/b\u003e\u003cp\u003eDer Inhaber Gerhard Bastin kann auf eine Erfahrung aus einer\u003c/p\u003e\n\u003cp\u003e\u003cstrong\u003e30jährigen Tätigkeit als Kriminaloberkommissar\u003c/strong\u003e\u003c/p\u003e\n\u003cp\u003eim Polizeipräsidium Bremen (in den Bereichen Kapitaldelikte, Wirtschaftskriminalität, Betrug, Einbruch, Brandermittlungen, Brandstiftung, Kapitalanlagebetrug, Spurensuche, Sittendelikte) zurückgreifen und verfügen somit über das erforderliche professionelle Wissen und entsprechende Gerichtsverfahrung.\u003c/p\u003e\n\u003cp\u003eDiese kriminalpolizeiliche Erfahrung garantiert ein erfolgreiches und effektives Arbeiten - das spart Zeit und damit Ihr Geld und gewährleistet eine gerichtsverwertbare Abwicklung Ihrer Aufträge.\u003c/p\u003e\n\u003cp\u003eDie von \u003cb\u003eGerhard Bastin\u003c/b\u003e zusätzlich absolvierte Ausbildung als Bankkaufmann, verbunden mit einem betriebswirtschaftlichen Studium, gewährleisten die Erkennung und Lösung komplizierter wirtschaftlicher Zusammenhänge.\u003c/p\u003e\n\u003cp\u003eWeitere ehemalige Kriminalbeamte mit langer Berufserfahrung und weibliche Detektive / Privatdetektive vervollständigen unser professionelles Team. Da wir jeden Auftrag streng vertraulich behandeln, verzichten wir hier auf die Auflistung von Referenzen. Außerdem verfügen wir über ein großes Netz an kompetenten Kooperationspartnern in ganz Deutschland.\u003c/p\u003e\n\u003cp\u003eNatürlich ist unsere \u003ca href=\"http://www.detektei-deutschland.com/service/technik.html\" rel=\"nofollow\" target=\"_blank\"\u003eDetekteiausrüstung\u003c/a\u003e auf dem neusten Stand.\u003c/p\u003e\n\u003cp\u003eDie\u003cb\u003e Detektei Deutschland Bastin\u003c/b\u003e ermittelt für Sie im gesamten Bundesgebiet und im europäischen Ausland. Wir verfügen u. a. auch über Mitarbeiter, die die serbokroatische Sprache beherrschen.\u003c/p\u003e\u003cb\u003eUnsere Honorargestaltung ist transparent. Keine versteckten Kosten, keine Anfahrtskosten! Der Ermittlungsbericht ist kostenlos! ...das garantieren wir! Fordern Sie unsere Honorarübersicht an.\u003c/b\u003e \n\u003cp\u003e\u003ca href=\"http://www.detektei-deutschland.com/service/kosten.html\" rel=\"nofollow\" target=\"_blank\"\u003eInfo über Detektivkosten\u003c/a\u003e\u003c/p\u003e\n\u003cp\u003eDer Detektiv :\u003c/p\u003e\n\u003cp\u003eIn Deutschland lautet die Berufsbezeichnung \u003cb\u003ePrivatdetektiv. \u003c/b\u003eDeutsche Detektive genießen keinerlei Sonderrechte oder hoheitliche Befugnisse und haben auch keine staatliche Lizenz. Sie arbeiten mit den Jedermannsrechten, vor allem der Jedermann-Festnahme und sind normale Gewerbetreibende, welche gem. § 38 (1) 2. Gewerbeordnung dem überwachungsbedürftigen Gewerbe (Vertrauensgewerbe) zuzuordnen sind. Die Berufsbezeichnung &quot;Detektiv&quot; ist als solche nicht geschützt.\u003c/p\u003e\n\u003cp\u003e(Quelle: \u003ca href=\"http://de.wikipedia.org/\" rel=\"nofollow\" target=\"_blank\"\u003eWikipedia\u003c/a\u003e)\u003c/p\u003e\n\u003cp\u003e\u003cb\u003eVertrauen Sie uns! Wir stehen Ihnen gerne für ein persönliches Gespräch zur Verfügung.\u003c/b\u003e\u003c/p\u003e\u003cp\u003e\u003c/p\u003e\u003cb\u003e\u003cu\u003eImpressum\u003c/u\u003e\u003c/b\u003e\u003cdiv\u003e\u003cb\u003e\u003cu\u003eder Detektei Deutschland Bastin\u003c/u\u003e\u003c/b\u003e\u003cp\u003eInhaber und Ansprechpartner:\u003c/p\u003e\u003cp\u003eGerhard Bastin\u003c/p\u003e\u003cp\u003eSchlehenkamp 23\u003cbr /\u003e28844 Weyhe.\u003c/p\u003e\u003cp\u003eTelefon: +49 (0) 4203 - 437016-0\u003cbr /\u003eTelefax: +49 (0) 4203 - 437016-20\u003c/p\u003e\u003cp\u003eE-Mail: \u003cem\u003e\u003ca href=\"mailto:info@detektei-deutschland.com\" rel=\"nofollow\" target=\"_blank\"\u003einfo@detektei-deutschland.com\u003c/a\u003e\u003c/em\u003e\u003c/p\u003e\u003cp\u003eSteuer-Nr.: 47-102-01827 / Finanzamt Syke\u003cbr /\u003eUmsatzsteuer-Identifikationsnummer gemäß § 27 a: DE814952541\u003c/p\u003e\u003cp\u003eBankverbindung:\u003cbr /\u003eOLB Kirchweyhe\u003cbr /\u003eKonto: 242 1954 500\u003cbr /\u003eBLZ: 280 200 50\u003c/p\u003e\u003cb\u003eGestaltung und Programmierung:\u003c/b\u003e\u003c/div\u003e\u003cdiv\u003eChris Bastin\u003cbr /\u003e\u003cp\u003e\u003cbr /\u003e\u003c/p\u003eFotos &amp; Logos\u003cp\u003e© Detektei Deutschland\u003c/p\u003e\u003cp\u003e© Fotolia:\u003c/p\u003e\u003cp\u003e© GPSoverIP, Schweinfurt\u003c/p\u003e\u003cp\u003e© ABUS Security-Center GmbH &amp; Co.KG, Affing\u003c/p\u003e\u003cp\u003e       \u003c/p\u003e\u003cb\u003eHaftungshinweis\u003c/b\u003e\u003cp\u003eTrotz sorgfältiger inhaltlicher Kontrolle übernehmen wir keine Haftung für die Inhalte externer Links. Für den Inhalt der verlinkten Seiten sind ausschließlich deren Betreiber verantwortlich.\u003c/p\u003e\u003cb\u003eVerlinkte Seiten Dritter\u003c/b\u003e\u003cp\u003eUnsere Webpräsenz enthält auch Links und Verweise auf Websites Dritter. Die Detektei Deutschland Bastin  vermittelt lediglich den Zugang zur Nutzung dieser Inhalte. Für die Inhalte auf diesen Seiten können wir keine Haftung übernehmen. Eine generelle Zustimmung zu den dort enthaltenen Informationen oder Angeboten unsererseits besteht nicht. Die Inhalte dritter Websites wurden bei erstmaliger Verlinkung inhaltlich geprüft, können aber nicht auf nachträglich hinzugefügte Inhalte überprüft werden. Sollten wir Kenntnis von straf- oder zivilrechtlich relevanten Inhalten erlangen, werden die entsprechenden Verweise oder Links unverzüglich entfernt.\u003c/p\u003eUrheberrecht\u003cp\u003eDie Gestaltung der Websites sowie die inhaltlichen Darstellungen sind urheberrechtlich geschützt. Dies gilt insbesondere für Texte, Bilder, Grafiken, Ton-, Video-, oder Animationsdateien einschließlich deren Anordnung auf den Web-Seiten. Veränderungen dürfen hieran nicht vorgenommen werden. Eine Veröffentlichung oder weiterführende Nutzung durch Dritte, insbesondere zur . Veröffentlichung oder Nachdruck von Inhalten, Texten oder Bildern dieser Seiten, auch Ansatz oder Auszugsweise, ist nur mit ausdrücklicher, schriftlicher Genehmigung der Detektei Deutschland Bastin erlaubt.\u003c/p\u003e\u003cb\u003eHaftungsausschluss\u003c/b\u003e\u003cp\u003eAlle auf unseren Websites enthaltenen Angaben und Informationen wurden von uns oder Dritten nach bestem Wissen und Gewissen recherchiert und geprüft. Für Richtigkeit, Vollständigkeit und Aktualität können wir oder sonstige Dritte die Gewähr übernehmen. Eine Haftung für Schäden, die aus der Nutzung oder Nichtnutzung der auf diesen Websites angebotenen Informationen entstehen, ist ausdrücklich ausgeschlossen.\u003c/p\u003eUnaufgeforderte Zusendung von E-Mails\u003cp\u003eDie unaufgeforderte Zusendung von E-Mails zu Werbezwecken verstößt gegen § 1 UWG, § 823 I BGB, wenn der Empfänger der Zusendung nicht ausdrücklich zugestimmt hat, oder die Zustimmung aufgrund einer bestehenden Geschäftsverbindung zwischen dem Absender der E-Mail und dem Empfänger vermutet werden kann. Die unaufgeforderte Zusendung solcher E-Mails ist daher ausdrücklich unerwünscht.\u003c/p\u003e\u003cp\u003e\u003c/p\u003e\u003c/div\u003e",
		"url" : "https://plus.google.com/+Detektei-deutschland",
		"image" : {
			"url" : "https://lh5.googleusercontent.com/-k5rJXES81V0/AAAAAAAAAAI/AAAAAAAAAPg/h4g1tr93II0/photo.jpg?sz=50",
			"isDefault" : false
		},
		"isPlusUser" : true,
		"plusOneCount" : 359,
		"circledByCount" : 293,
		"verified" : false,
		"cover" : {
			"layout" : "banner",
			"coverPhoto" : {
				"url" : "https://lh3.googleusercontent.com/_qM4Yt8uecuPhK7Ezme2YeiIkNwt9DD1gAnYxO3rpzsGukjxgqF5LNnprtqwIG_QgeeG=s630-fcrop64=1,20282657f788c79b",
				"height" : 705,
				"width" : 940
			},
			"coverInfo" : {
				"topImageOffset" : -96,
				"leftImageOffset" : 0
			}
		}
	},
	{
		"kind" : "plus#person",
		"etag" : "\"4OZ_Kt6ujOh1jaML_U6RM6APqoE/cJM7TVJSkOomUxp8UUK0rWYrbgw\"",
		"urls" : [{
				"value" : "http://www.db.com",
				"type" : "website",
				"label" : "http://www.db.com"
			}, {
				"value" : "https://secure.deutsche-bank.de/cc/locationsfinder/en/welcome2.do",
				"type" : "other",
				"label" : "Deutsche Bank worldwide: Location Finder"
			}
		],
		"objectType" : "page",
		"id" : "117825836510526052622",
		"displayName" : "Deutsche Bank",
		"tagline" : "Passion to Perform",
		"aboutMe" : "\u003cdiv\u003eWelcome to Deutsche Bank´s global Google+ page.\u003c/div\u003e\u003cdiv\u003e\u003cbr /\u003e\u003c/div\u003e\u003cdiv\u003e\u003cdiv\u003e\u003cspan style=\"font-weight:bold\"\u003eOur vision\u003c/span\u003e\u003c/div\u003e\u003cdiv\u003e\u003cspan\u003eWe aspire to be the leading client-centric global universal bank.\u003c/span\u003e\u003c/div\u003e\u003cdiv\u003e\u003cspan\u003e\u003cbr /\u003e\u003c/span\u003e\u003c/div\u003e\u003cspan\u003eWe serve shareholders best by putting our clients first and by building a global network of balanced businesses underpinned by strong capital and liquidity.\u003c/span\u003e\u003c/div\u003e\u003cdiv\u003e\u003cspan\u003e\u003cbr /\u003e\u003c/span\u003e\u003c/div\u003e\u003cdiv\u003e\u003cspan\u003e&gt;\u003ca href=\"https://www.deutsche-bank.de/en/content/company/vision_and_brand.htm\" rel=\"nofollow\" target=\"_blank\"\u003eread more\u003c/a\u003e&lt;\u003c/span\u003e\u003c/div\u003e\u003cdiv\u003e\u003cbr /\u003e\u003c/div\u003e\u003cdiv\u003e\u003cdiv\u003e\u003cspan style=\"font-weight:bold\"\u003eOur business\u003c/span\u003e\u003c/div\u003e\u003cspan\u003eDeutsche Bank is well positioned with a presence in over 70 countries and substantial revenue streams from all the major regions of the world. Our core businesses are as follows.\u003c/span\u003e\u003cp\u003e\u003c/p\u003e\u003cem\u003eCorporate Banking &amp; Securities\u003c/em\u003e\u003cspan\u003e consists of \u003c/span\u003e\u003cem\u003eMarkets\u003c/em\u003e\u003cspan\u003e and\u003c/span\u003e\u003cem\u003eCorporate Finance\u003c/em\u003e\u003cspan\u003e. Markets combines the sales, trading and structuring of a wide range of financial products. Corporate Finance is responsible for mergers and acquisitions, including advisory debt and equity issuance and capital markets coverage.\u003c/span\u003e\u003cp\u003e\u003c/p\u003e\u003cem\u003eGlobal Transaction Banking\u003c/em\u003e\u003cspan\u003e provides commercial banking products and services to corporate and financial institutions worldwide.\u003c/span\u003e\u003cp\u003e\u003c/p\u003e\u003cem\u003eAsset &amp; Wealth Management\u003c/em\u003e\u003cspan\u003e supports high and ultra high net worth individuals, retail and institutional clients across the globe. It provides a broad range of services from traditional to alternative investment products and integrated wealth management services.\u003c/span\u003e\u003cp\u003e\u003c/p\u003e\u003cem\u003ePrivate &amp; Business Clients\u003c/em\u003e\u003cspan\u003e provides a broad range of banking services to private individuals and smalland medium-sized businesses.\u003c/span\u003e\u003cp\u003e\u003c/p\u003e\u003cspan\u003eOur \u003c/span\u003e\u003cem\u003einfrastructure functions\u003c/em\u003e\u003cspan\u003e, such as Risk, Group Technology &amp; Operations and Human Resources, are the core of our day-to-day business, and allow us to set the standards in global banking.\u003c/span\u003e\u003cp\u003e\u003c/p\u003e\u003cspan\u003eWe also have a number of subsidiary businesses which are legally owned entities of Deutsche Bank AG.\u003c/span\u003e\u003c/div\u003e\u003cdiv\u003e\u003cspan\u003e\u003cbr /\u003e\u003c/span\u003e\u003c/div\u003e\u003cdiv\u003e\u003cspan\u003e\u003cb\u003eImprint: \u003c/b\u003e\u003c/span\u003e\u003c/div\u003e\u003cdiv\u003e\u003cspan\u003e\u003ca href=\"https://www.deutsche-bank.de/en/content/imprint.htm\" rel=\"nofollow\" target=\"_blank\"\u003ehttps://www.deutsche-bank.de/en/content/imprint.htm\u003c/a\u003e\u003c/span\u003e\u003c/div\u003e\u003cdiv\u003e\u003cbr /\u003e\u003c/div\u003e\u003cdiv\u003e\u003cp\u003e\u003cb\u003e\u003cspan\u003eCommunity Rules:\u003c/span\u003e\u003c/b\u003e\u003c/p\u003e\n\n\u003cp\u003e\u003cspan\u003eThe purpose of our Google+ page is to foster\ndialogue and provide information, entertainment and fun for those interested in\nlearning more about Deutsche Bank. We have implemented a few rules to ensure\nthat this interaction is as enjoyable as possible:\u003c/span\u003e\u003c/p\u003e\n\n\u003cp\u003e\u003cspan\u003e·\u003cspan\u003e       \n\u003c/span\u003e\u003c/span\u003e\u003cspan\u003ePlease treat\nothers with friendliness, respect and tolerance.\u003c/span\u003e\u003c/p\u003e\n\n\u003cp\u003e\u003cspan\u003e·\u003cspan\u003e       \n\u003c/span\u003e\u003c/span\u003e\u003cspan\u003eWe represent\n“passion to perform”, so we’re looking forward to seeing how passionately you\nfeel about different topics. One thing we would ask, however, is that comments remain\nconstructive.\u003c/span\u003e\u003c/p\u003e\n\n\u003cp\u003e\u003cspan\u003e·\u003cspan\u003e       \n\u003c/span\u003e\u003c/span\u003e\u003cspan\u003eHelp is\nalways welcome! Feel free to help anyone who has a question.\u003c/span\u003e\u003c/p\u003e\n\n\u003cp\u003e\u003cspan\u003e·\u003cspan\u003e       \n\u003c/span\u003e\u003c/span\u003e\u003cspan\u003eSome of your\nquestions require feedback from colleagues from different corporate divisions,\nso it could take some time before we can provide an answer. We will make every\neffort to get back to you within 24 hours.\u003c/span\u003e\u003c/p\u003e\n\n\u003cp\u003e\u003cspan\u003e·\u003cspan\u003e       \n\u003c/span\u003e\u003c/span\u003e\u003cspan\u003ePlease\nremember that there is no way to guarantee data security in a public network.\nAs a result, please do not post any private contact or account-related\ninformation. We recommend that you keep confidential information such as log-in\ndata and passwords private.\u003c/span\u003e\u003c/p\u003e\n\n\u003cp\u003e\u003cspan\u003e·\u003cspan\u003e       \n\u003c/span\u003e\u003c/span\u003e\u003cspan\u003eOur Google+\npage is not intended to be a way to contact us regarding business, or a source\nof information about customer relations. For your safety, all posts about these\nissues will be deleted. If you would like to contact us about these issues,\nplease use our\u003c/span\u003e\u003cspan\u003e \u003c/span\u003e\u003cspan\u003e\u003ca href=\"http://www.deutsche-bank.de/pbc/pr-international.html?kid=i.9186.90.70\" rel=\"nofollow\" target=\"_blank\"\u003e\u003cspan\u003ecustomer\nservice\u003c/span\u003e\u003c/a\u003e\u003c/span\u003e\u003cspan\u003e \u003c/span\u003e\u003cspan\u003eor contact your\u003c/span\u003e\u003cspan\u003e \u003c/span\u003e\u003cspan\u003e\u003ca href=\"https://secure.deutsche-bank.de/pbc/ifcfinder/en/address.do\" rel=\"nofollow\" target=\"_blank\"\u003e\u003cspan\u003ecustomer\nservice representative at your local bank branch\u003c/span\u003e\u003c/a\u003e.\u003c/span\u003e\u003c/p\u003e\n\n\u003cp\u003e\u003cb\u003e\u003cspan\u003eThe following\nposts do not belong on Deutsche Bank’s Google+ page:\u003c/span\u003e\u003c/b\u003e\u003c/p\u003e\n\n\u003cp\u003e\u003cspan\u003e·\u003cspan\u003e       \n\u003c/span\u003e\u003c/span\u003e\u003cspan\u003eInsults,\nverbal attacks or degrading statements;\u003c/span\u003e\u003c/p\u003e\n\n\u003cp\u003e\u003cspan\u003e·\u003cspan\u003e       \n\u003c/span\u003e\u003c/span\u003e\u003cspan\u003eStatements\nthat infringe laws, e.g. which encourage people to commit crimes, posts which\nare unsuitable for minors, posts which infringe personal rights, content which\ninfringes copyright laws or the data privacy of third parties;\u003c/span\u003e\u003c/p\u003e\n\n\u003cp\u003e\u003cspan\u003e·\u003cspan\u003e       \n\u003c/span\u003e\u003c/span\u003e\u003cspan\u003eIncitement to\nhatred, racism, obscenity; discriminatory or pornographic content;\u003c/span\u003e\u003c/p\u003e\n\n\u003cp\u003e\u003cspan\u003e·\u003cspan\u003e       \n\u003c/span\u003e\u003c/span\u003e\u003cspan\u003eIncorrect,\nfraudulent, misleading or other dubious content which does not foster fair and\nopen dialogue;\u003c/span\u003e\u003c/p\u003e\n\n\u003cp\u003e\u003cspan\u003e·\u003cspan\u003e       \n\u003c/span\u003e\u003c/span\u003e\u003cspan\u003eSpam or\nirrelevant comments which do not pertain to a post or comment made by us or\nanother participant;\u003c/span\u003e\u003c/p\u003e\n\n\u003cp\u003e\u003cspan\u003e·\u003cspan\u003e       \n\u003c/span\u003e\u003c/span\u003e\u003cspan\u003eCommercial or\nprivate solicitations or offers of goods and services, or improper use as an\nadvertisement for websites or services; or\u003c/span\u003e\u003c/p\u003e\n\n\u003cp\u003e\u003cspan\u003e·\u003cspan\u003e       \n\u003c/span\u003e\u003c/span\u003e\u003cspan\u003eContent which\ncontains viruses or Trojan horses, which links to damaging websites or which is\notherwise capable of hampering the performance of this Google+ page.\u003c/span\u003e\u003c/p\u003e\n\n\u003cp\u003e\u003cspan\u003eDeutsche Bank is\nnot responsible for user-generated content or for direct/indirect links to\nother websites. Deutsche Bank reserves the right to adapt the contents of this\npage as it sees fit, in line with Google’s terms of use and our own community\nrules, and, in the event of an infringement of these rules, to delete offending\nposts. If you notice any content that contravenes our community rules, please\ncontact us at\u003c/span\u003e\u003cspan\u003e \u003c/span\u003e\u003cspan\u003e\u003ca href=\"mailto:social.media@db.com\" rel=\"nofollow\" target=\"_blank\"\u003e\u003cspan\u003esocial.media@db.com\u003c/span\u003e\u003c/a\u003e\u003c/span\u003e\u003cspan\u003e \u003c/span\u003e\u003cspan\u003eand tell us about the offending content.\u003c/span\u003e\u003c/p\u003e\n\n\u003cp\u003e\u003cspan\u003eDeutsche Bank\nemployees must not publish internal, confidential or secret information on the\ninternet. All employees are responsible for their own posts, and employees must\nrespect all of the bank’s internal and legal regulations regarding the\npublishing of information.\u003c/span\u003e\u003c/p\u003e\n\n\u003cp\u003e\u003cb\u003e\u003cspan\u003eOther legal\ninformation\u003c/span\u003e\u003c/b\u003e\u003c/p\u003e\n\n\u003cp\u003e\u003cspan\u003e·\u003cspan\u003e       \n\u003c/span\u003e\u003c/span\u003e\u003cspan\u003ePosts made by\nindividual employees do not necessarily represent the official opinion of\nDeutsche Bank.\u003c/span\u003e\u003c/p\u003e\n\n\u003cp\u003e\u003cspan\u003e·\u003cspan\u003e       \n\u003c/span\u003e\u003c/span\u003e\u003cspan\u003eDeutsche\nBank’s posts on our Google+ page do not represent a business proposal,\nrecommendation, placement or anything else pertaining to sales. Nor do they\nrepresent a sales offer, a transaction or assurances. They should not be used\nas suggestions upon which to base business strategies. The provided posts and\ninformation should not be seen as advice regarding investment options.\u003c/span\u003e\u003c/p\u003e\n\n\u003cp\u003e\u003cspan\u003e·\u003cspan\u003e       \n\u003c/span\u003e\u003c/span\u003e\u003cspan\u003eAssumptions,\nestimations and opinions contained in Deutsche Bank’s posts and announcements\nrepresent the current viewpoint of the poster at the time of publication. They may\nchange without notification.\u003c/span\u003e\u003c/p\u003e\n\n\u003cp\u003e\u003cspan\u003e·\u003cspan\u003e       \n\u003c/span\u003e\u003c/span\u003e\u003cspan\u003eWhen Deutsche\nBank posts are published, they are also subject to additional, associated legal\nconstraints and disclaimers, and to the information contained in these posts.\u003c/span\u003e\u003c/p\u003e\n\n\u003cp\u003e\u003cspan\u003e·\u003cspan\u003e       \n\u003c/span\u003e\u003c/span\u003e\u003cspan\u003eDeutsche\nBank’s other regulations for publishing information also apply. This\ninformation is available\u003c/span\u003e\u003cspan\u003e \u003c/span\u003e\u003cspan\u003e\u003ca href=\"http://www.deutsche-bank.de/en/content/legal_resources.htm\" rel=\"nofollow\" target=\"_blank\"\u003e\u003cspan\u003ehere\u003c/span\u003e\u003c/a\u003e.\u003c/span\u003e\u003c/p\u003e\n\n\u003cp\u003e\u003cspan\u003e \u003c/span\u003e\u003c/p\u003e\u003c/div\u003e",
		"url" : "https://plus.google.com/+DeutscheBank",
		"image" : {
			"url" : "https://lh4.googleusercontent.com/-cp__8arHGog/AAAAAAAAAAI/AAAAAAAAADE/zT28flmqwAI/photo.jpg?sz=50",
			"isDefault" : false
		},
		"isPlusUser" : true,
		"plusOneCount" : 3498,
		"circledByCount" : 2733,
		"verified" : false,
		"cover" : {
			"layout" : "banner",
			"coverPhoto" : {
				"url" : "https://lh3.googleusercontent.com/sF59w5gl0Bl-q94PQvJSZDFVvLdoY6BVj_k5Pi4RZYvPwkoBjUmbd76G2klyc-p6oXVX=s630-fcrop64=1,00001debffffc016",
				"height" : 840,
				"width" : 940
			},
			"coverInfo" : {
				"topImageOffset" : -96,
				"leftImageOffset" : 0
			}
		}
	}, {
		"kind" : "plus#person",
		"etag" : "\"4OZ_Kt6ujOh1jaML_U6RM6APqoE/yUagoddJnDOi-AbGLX_BQH_RK-E\"",
		"urls" : [{
				"value" : "http://www.db.com/gtb",
				"type" : "website",
				"label" : "http://www.db.com/gtb"
			}
		],
		"objectType" : "page",
		"id" : "112512609236525598733",
		"displayName" : "Deutsche Bank GTB",
		"tagline" : "Commercial banking solutions for corporate clients and financial institutions.",
		"aboutMe" : "\u003cp\u003e\u003cspan\u003eThrough our wide range of cash\nmanagement, trade finance, trust and securities services, our Global\nTransaction Banking business helps companies all over the world to focus on\nachieving their business goals.\u003c/span\u003e\u003c/p\u003e\n\n\u003cp\u003e\u003cspan\u003eEvery day, in multiple locations,\nwe process and clear domestic and cross-border payments, facilitate\ntransactions for global trade and act as trustee, agent and custodian for clients.\u003c/span\u003e\u003c/p\u003e\n\n\u003cp\u003e\u003cspan\u003eIn transaction banking, the\nvisibility we gain on our clients’ financial landscape puts us in a unique\nposition to identify risks as well as opportunities for bottom line growth.\u003c/span\u003e\u003c/p\u003e\n\n\u003cp\u003e\u003cspan\u003eBy\nworking in close partnership with the rest of the Bank, we help our clients\noptimise every opportunity.\u003c/span\u003e\u003cspan\u003e\u003c/span\u003e\u003c/p\u003e",
		"url" : "https://plus.google.com/112512609236525598733",
		"image" : {
			"url" : "https://lh3.googleusercontent.com/-GGEozhrUB5s/AAAAAAAAAAI/AAAAAAAAAJU/24kJIdXGVZA/photo.jpg?sz=50",
			"isDefault" : false
		},
		"isPlusUser" : true,
		"plusOneCount" : 193,
		"circledByCount" : 128,
		"verified" : false,
		"cover" : {
			"layout" : "banner",
			"coverPhoto" : {
				"url" : "https://lh3.googleusercontent.com/1VwlnXpmTICErjPh5_SifdVPNOK-xa7stC3vlBQhLaor_utwhNh-hzmZmBpVkIsQGo0=s630-fcrop64=1,0000120bffffea91",
				"height" : 626,
				"width" : 940
			},
			"coverInfo" : {
				"topImageOffset" : 0,
				"leftImageOffset" : 0
			}
		}
	}, {
		"kind" : "plus#person",
		"etag" : "\"4OZ_Kt6ujOh1jaML_U6RM6APqoE/zgA2Y0-wgQ1ELs1P5w4XOxw_A-o\"",
		"urls" : [{
				"value" : "https://plus.google.com",
				"type" : "website",
				"label" : "https://plus.google.com"
			}
		],
		"objectType" : "page",
		"id" : "115008144552882788793",
		"displayName" : "Deutsche Bank",
		"tagline" : "10 words to describe over 13 years of experience is virtually impossible!",
		"url" : "https://plus.google.com/115008144552882788793",
		"image" : {
			"url" : "https://lh5.googleusercontent.com/-3aQ6P4Awqig/AAAAAAAAAAI/AAAAAAAAACA/N3r17L0Mz9o/photo.jpg?sz=50",
			"isDefault" : false
		},
		"isPlusUser" : true,
		"plusOneCount" : 11,
		"circledByCount" : 10,
		"verified" : false
	}, {
		"kind" : "plus#person",
		"etag" : "\"4OZ_Kt6ujOh1jaML_U6RM6APqoE/xPdP2QTISIXCQDYQMhZPzrMMV6k\"",
		"urls" : [{
				"value" : "http://www.deutsche-bank.de",
				"type" : "website",
				"label" : "www.deutsche-bank.de"
			}, {
				"value" : "https://secure.deutsche-bank.de/cc/locationsfinder/de/welcome2.do",
				"type" : "other",
				"label" : "Die Deutsche Bank weltweit: Niederlassungsverzeichnis"
			}
		],
		"objectType" : "page",
		"id" : "114217054226264911659",
		"displayName" : "Deutsche Bank AG",
		"tagline" : "Leistung aus Leidenschaft",
		"aboutMe" : "\u003cdiv\u003eWillkommen auf der Google+-Seite der Deutschen Bank!\u003c/div\u003e\u003cdiv\u003e\u003cbr /\u003e\u003c/div\u003e\u003cdiv\u003e\u003cdiv\u003e\u003cspan style=\"font-weight:bold\"\u003eUnsere Vision:\u003c/span\u003e\u003c/div\u003e\u003cdiv\u003e\u003cspan\u003eWir wollen die führende kundenorientierte globale Universalbank sein. \u003c/span\u003e\u003c/div\u003e\u003cbr /\u003eWir dienen unseren Aktionären am besten, indem wir unsere Kunden in den Mittelpunkt stellen und ein globales Netzwerk ausgewogener Geschäfts-\u003cbr /\u003eakivitäten bieten, das auf einer soliden Kapital- und Liquiditätsausstattung beruht.\u003c/div\u003e\u003cdiv\u003e\u003cspan\u003e\u003cbr /\u003e\u003c/span\u003e\u003c/div\u003e\u003cdiv\u003e\u003cspan\u003e&gt;\u003ca href=\"https://www.deutsche-bank.de/de/content/company/vision_und_marke.htm\" rel=\"nofollow\" target=\"_blank\"\u003eLesen Sie mehr\u003c/a\u003e&lt;\u003c/span\u003e\u003c/div\u003e\u003cdiv\u003e\u003cspan\u003e\u003cbr /\u003e\u003c/span\u003e\u003c/div\u003e\u003cdiv\u003e\u003cdiv\u003e\u003cb\u003eUnsere Geschäftsbereiche:\u003c/b\u003e\u003c/div\u003e\u003c/div\u003eUnser Unternehmen besteht aus Corporate Banking &amp; Securities, Private &amp; Business Clients, Global Transaction Banking sowie Asset Management und Private Wealth Management. Hinzu kommen die Infrastrukturfunktionen.\u003cbr /\u003e\u003cbr /\u003eCorporate Banking &amp; Securities (CB&amp;S) betreut unser internationales Kapitalmarktgeschäft. Dort haben wir öffentliche und private Kunden, von souveränen Staaten bis hin zu multinationalen Unternehmen.\u003cbr /\u003e\u003cbr /\u003eÜber 2.900 Filialen und mehr als 28 Mio. Kunden beschreiben die Größe unseres Unternehmensbereichs Private &amp; Business Clients (PBC), zu dem seit der Übernahme im September 2010 auch die Postbank gehört.\u003cbr /\u003e\u003cbr /\u003eGlobal Transaction Banking (GTB) bietet erstklassige Dienstleistungen in den Bereichen Cash Management, Trade Finance und Trust &amp; Securities Services – für Firmenkunden, Regierungen und Finanzinstitute.\u003cbr /\u003e\u003cbr /\u003eMit einem verwalteten Vermögen von ca. 565 Mrd. Euro ist unser Geschäftsbereich Asset Management (AM) eines der größten Investmentmanagement-Unternehmen weltweit.\u003cbr /\u003e\u003cbr /\u003ePrivate Wealth Management (PWM) betreut weltweit rund 278 Mrd. Euro Anlagevermögen und ist in nahezu 30 Ländern, von den bekannten globalen Finanzzentren bis hin zu den aufstrebenden Schwellenländern, tätig.\u003cbr /\u003e\u003cbr /\u003eInfrastrukturfunktionen sind das Rückgrat unseres Tagesgeschäfts und erlauben uns, Standards im globalen Banking zu setzen.\u003cdiv\u003e\u003cbr /\u003e\u003c/div\u003e\u003cdiv\u003e\u003cb\u003eImpressum:\u003c/b\u003e\u003cbr /\u003e\u003ca href=\"https://www.deutsche-bank.de/de/content/impressum.htm\" rel=\"nofollow\" target=\"_blank\"\u003ehttps://www.deutsche-bank.de/de/content/impressum.htm\u003c/a\u003e\u003c/div\u003e",
		"url" : "https://plus.google.com/114217054226264911659",
		"image" : {
			"url" : "https://lh3.googleusercontent.com/-_2n2cf1fXAw/AAAAAAAAAAI/AAAAAAAAB2U/gCglWgeviIE/photo.jpg?sz=50",
			"isDefault" : false
		},
		"isPlusUser" : true,
		"plusOneCount" : 1434,
		"circledByCount" : 515,
		"verified" : false,
		"cover" : {
			"layout" : "banner",
			"coverPhoto" : {
				"url" : "https://lh3.googleusercontent.com/he8fpHQiMN8MJlvjZOHGpnIADdNgPclrcNazQJReN54DbYKVgz2uJX9In_gVhrhSxeva=s630-fcrop64=1,00001e4affffc075",
				"height" : 840,
				"width" : 940
			},
			"coverInfo" : {
				"topImageOffset" : -96,
				"leftImageOffset" : 0
			}
		}
	}, {
		"kind" : "plus#person",
		"etag" : "\"4OZ_Kt6ujOh1jaML_U6RM6APqoE/YsPgRV7fKT8EDNwxXHuWmk2ezGI\"",
		"urls" : [{
				"value" : "https://www.maxblue.de",
				"type" : "website",
				"label" : "www.maxblue.de"
			}, {
				"value" : "https://www.maxblue.de/de/impressum.html",
				"type" : "other",
				"label" : "Impressum"
			}, {
				"value" : "http://www.youtube.com/maxbluetv",
				"type" : "other",
				"label" : "Deutsche Bank maxblue"
			}
		],
		"objectType" : "page",
		"id" : "110685354188429257761",
		"displayName" : "Deutsche Bank maxblue",
		"tagline" : "Die Online-Investment Plattform der Deutschen Bank",
		"aboutMe" : "\u003cdiv\u003eWillkommen auf der Google+ Seite von maxblue, dem Online Broker der Deutschen Bank!\u003c/div\u003e\n\u003cdiv\u003e \u003c/div\u003e\n\u003cdiv\u003emaxblue bietet privaten Anlegern, die eigenständige Anlage- und Finanzentscheidungen durch selbstbestimmte Transaktionen an den Finanzmärkten umsetzen wollen, alle Möglichkeiten und Zugänge zu den weltweiten Kapitalmärkten. Dadurch können Anlageentscheidungen flexibel und kostengünstig umgesetzt werden.\u003c/div\u003e\n\u003cp\u003eSpeziell für Investoren, die ihr Anlagemanagement selbst in die Hand nehmen, sind die Investment Expertise der Deutsche Bank-Gruppe sowie die umfangreichen Informationen und Analyse-Tools, die maxblue im Internet anbietet, eine wertvolle Hilfe. Damit schafft maxblue für seine Nutzer erstklassige Voraussetzungen für erfolgreiche Wertpapiergeschäfte.\u003c/p\u003e",
		"url" : "https://plus.google.com/+maxblue",
		"image" : {
			"url" : "https://lh5.googleusercontent.com/-xpDWuTWqhKo/AAAAAAAAAAI/AAAAAAAABTQ/4vFi_yRkQbg/photo.jpg?sz=50",
			"isDefault" : false
		},
		"isPlusUser" : true,
		"plusOneCount" : 292,
		"circledByCount" : 192,
		"verified" : false,
		"cover" : {
			"layout" : "banner",
			"coverPhoto" : {
				"url" : "https://lh3.googleusercontent.com/Wc1vpDW5WiGeOaxMhAh-YmWqyMZZ-XkWUOdWXpuUaXi39xQLBA1RaJMek6SST2Tz6iXE=s630-fcrop64=1,00000000ffffffff",
				"height" : 528,
				"width" : 940
			},
			"coverInfo" : {
				"topImageOffset" : 0,
				"leftImageOffset" : 0
			}
		}
	}
]