{
	"kind" : "plus#person",
	"etag" : "\"4OZ_Kt6ujOh1jaML_U6RM6APqoE/EUWXnpmwt25YNwnm6ZmBbSvvNUk\"",
	"gender" : "male",
	"objectType" : "person",
	"id" : "107695141479539444420",
	"displayName" : "Diego Collarana",
	"name" : {
		"familyName" : "Collarana",
		"givenName" : "Diego"
	},
	"url" : "https://plus.google.com/107695141479539444420",
	"image" : {
		"url" : "https://lh3.googleusercontent.com/-KK4aabvXvC8/AAAAAAAAAAI/AAAAAAAAEJg/HYfEyP7PFyQ/photo.jpg?sz=50",
		"isDefault" : false
	},
	"organizations" : [{
			"name" : "Technische Universitat Kaiserslautern",
			"title" : "European Master in Software Engineering",
			"type" : "school",
			"startDate" : "2012",
			"primary" : true
		}, {
			"name" : "Universidad Politecnica de Madrid",
			"title" : "European Master in Software Engineering",
			"type" : "school",
			"startDate" : "2011",
			"endDate" : "2012",
			"primary" : false
		}, {
			"name" : "Universidad Catolica Boliviana",
			"title" : "Software Systems Engineeging",
			"type" : "school",
			"startDate" : "1999",
			"endDate" : "2004",
			"primary" : false
		}, {
			"name" : "Ontology Engineering Group",
			"title" : "Software Engineer",
			"type" : "work",
			"primary" : true
		}, {
			"name" : "pirAMide Informatik SRL",
			"title" : "Software Project Manager",
			"type" : "work",
			"primary" : false
		}
	],
	"placesLived" : [{
			"value" : "Bonn",
			"primary" : true
		}, {
			"value" : "Kaiserslaturen"
		}, {
			"value" : "Madrid"
		}, {
			"value" : "Cochabamba"
		}, {
			"value" : "Geneva"
		}, {
			"value" : "Marrakesh"
		}
	],
	"isPlusUser" : true,
	"circledByCount" : 0,
	"verified" : false
}
