{
  "@context": {
    "@vocab": "http://schema.org/",
    "goog": "http://schema.googleapis.com/",
    "EntitySearchResult": "goog:EntitySearchResult",
    "detailedDescription": "goog:detailedDescription",
    "resultScore": "goog:resultScore",
    "kg": "http://g.co/kg"
  },
  "@type": "ItemList",
  "itemListElement": [
    {
      "@type": "EntitySearchResult",
      "result": {
        "@id": "kg:/m/02c7q",
        "name": "Diego Maradona",
        "@type": [
          "Person",
          "Thing"
        ],
        "description": "Soccer player",
        "image": {
          "contentUrl": "http://t3.gstatic.com/images?q=tbn:ANd9GcQkedbKRK2Oki1t1f-DiiwUXrDIQ4gYt8-Pq5twdLhPPXBHlQ-8",
          "url": "https://en.wikipedia.org/wiki/Diego_Maradona"
        },
        "detailedDescription": {
          "articleBody": "Diego Armando Maradona is a retired Argentine professional footballer. He has served as a manager and coach at other clubs as well as the national team of Argentina. ",
          "url": "http://en.wikipedia.org/wiki/Diego_Maradona",
          "license": "https://en.wikipedia.org/wiki/Wikipedia:Text_of_Creative_Commons_Attribution-ShareAlike_3.0_Unported_License"
        },
        "url": "http://diegomaradonagroup.com/about-me/"
      },
      "resultScore": 245.016861
    },
    {
      "@type": "EntitySearchResult",
      "result": {
        "@id": "kg:/m/0w0gpjz",
        "name": "Diego Maradona",
        "@type": [
          "Person",
          "Thing"
        ]
      },
      "resultScore": 140.133255
    },
    {
      "@type": "EntitySearchResult",
      "result": {
        "@id": "kg:/m/09k4xsq",
        "name": "Diego Maradona",
        "@type": [
          "Thing",
          "Person"
        ],
        "description": "Football player"
      },
      "resultScore": 137.422668
    },
    {
      "@type": "EntitySearchResult",
      "result": {
        "@id": "kg:/m/08zc87",
        "name": "Diego Sinagra",
        "@type": [
          "Thing",
          "Person"
        ],
        "description": "Soccer player",
        "image": {
          "contentUrl": "http://t3.gstatic.com/images?q=tbn:ANd9GcRRtpYfDrcugKj_Rh9VtWNGpOWBaET5MNNYDnLwkWigWfZSfKVQ",
          "url": "http://en.wikipedia.org/wiki/Diego_Sinagra"
        },
        "detailedDescription": {
          "articleBody": "Diego Armando Maradona Sinagra is an Italian footballer and beach soccer player, who plays for A.S.D San Giorgio in Italy.",
          "url": "http://en.wikipedia.org/wiki/Diego_Sinagra",
          "license": "https://en.wikipedia.org/wiki/Wikipedia:Text_of_Creative_Commons_Attribution-ShareAlike_3.0_Unported_License"
        }
      },
      "resultScore": 119.730698
    },
    {
      "@type": "EntitySearchResult",
      "result": {
        "@id": "kg:/m/0hgr1sm",
        "name": "Diego Hernan Maradona",
        "@type": [
          "Person",
          "Thing"
        ],
        "description": "Football player"
      },
      "resultScore": 18.664406
    },
    {
      "@type": "EntitySearchResult",
      "result": {
        "@id": "kg:/m/0ks1h8",
        "name": "Luciana Aymar",
        "@type": [
          "Thing",
          "Person"
        ],
        "description": "Field Hockey player",
        "image": {
          "contentUrl": "http://t1.gstatic.com/images?q=tbn:ANd9GcTg-AfoRpvEJRbJXd9BFQ3kwnB7znBk3YXPIvodWNPZlRFefb3O",
          "url": "https://commons.wikimedia.org/wiki/File:Luciana_Aymar-2491647518.jpg",
          "license": "http://creativecommons.org/licenses/by/2.0"
        },
        "detailedDescription": {
          "articleBody": "Luciana Paula Aymar is a retired Argentine field hockey player.\nShe is the only player in history to receive the FIH Player of the Year Award eight times, and she is considered as the best female hockey player of all time.\n",
          "url": "http://en.wikipedia.org/wiki/Luciana_Aymar",
          "license": "https://en.wikipedia.org/wiki/Wikipedia:Text_of_Creative_Commons_Attribution-ShareAlike_3.0_Unported_License"
        }
      },
      "resultScore": 15.604056
    },
    {
      "@type": "EntitySearchResult",
      "result": {
        "@id": "kg:/m/03g66x",
        "name": "Diego Forlán",
        "@type": [
          "Person",
          "Thing"
        ],
        "description": "Soccer player",
        "image": {
          "contentUrl": "http://t3.gstatic.com/images?q=tbn:ANd9GcRFswPgcJdMn0IFNbx0oapDrZzPrboPntrzbDcXctM8BJySB490",
          "url": "https://en.wikipedia.org/wiki/Diego_Forl%C3%A1n",
          "license": "http://creativecommons.org/licenses/by-sa/3.0/at/deed.en"
        },
        "detailedDescription": {
          "articleBody": "Diego Pablo Forlán Corazzo is a Uruguayan footballer who plays as a forward for Peñarol. He is a two-time winner of both the Pichichi Trophy and the European Golden Shoe, and also received the Golden Ball as the best player at the 2010 World Cup. ",
          "url": "http://en.wikipedia.org/wiki/Diego_Forl%C3%A1n",
          "license": "https://en.wikipedia.org/wiki/Wikipedia:Text_of_Creative_Commons_Attribution-ShareAlike_3.0_Unported_License"
        },
        "url": "http://www.diegoforlan.com/"
      },
      "resultScore": 15.382289
    },
    {
      "@type": "EntitySearchResult",
      "result": {
        "@id": "kg:/g/11b6dvd8r2",
        "name": "Diego Fernando Maradona Ojeda",
        "@type": [
          "Person",
          "Thing"
        ]
      },
      "resultScore": 13.963829
    },
    {
      "@type": "EntitySearchResult",
      "result": {
        "@id": "kg:/m/02q3mxg",
        "name": "Diego Costa",
        "@type": [
          "Thing",
          "Person"
        ],
        "description": "Soccer player",
        "image": {
          "contentUrl": "http://t2.gstatic.com/images?q=tbn:ANd9GcSzo_c8VdbUFWOP3ynTFp2QYruhu1Cf7RNkP4Q0jLMECQ1jsx01",
          "url": "https://is.wikipedia.org/wiki/Diego_Costa",
          "license": "http://creativecommons.org/licenses/by-sa/4.0"
        },
        "detailedDescription": {
          "articleBody": "Diego da Silva Costa, is a Spanish professional footballer who plays as a striker for English club Chelsea and the Spain national team. ",
          "url": "http://en.wikipedia.org/wiki/Diego_Costa",
          "license": "https://en.wikipedia.org/wiki/Wikipedia:Text_of_Creative_Commons_Attribution-ShareAlike_3.0_Unported_License"
        }
      },
      "resultScore": 13.734645
    },
    {
      "@type": "EntitySearchResult",
      "result": {
        "@id": "kg:/m/0k38sml",
        "name": "Diego Simeone",
        "@type": [
          "Person",
          "Thing"
        ],
        "description": "Football manager",
        "image": {
          "contentUrl": "http://t2.gstatic.com/images?q=tbn:ANd9GcTy7dj3FMKKPhTSpUg0VqUhHcLYV6x8bmmp8WQ0GkLB4XEU_rIv",
          "url": "https://en.wikipedia.org/wiki/Diego_Simeone",
          "license": "http://creativecommons.org/licenses/by-sa/3.0"
        },
        "detailedDescription": {
          "articleBody": "Diego Pablo Simeone González, also known as Cholo, is an Argentine football manager and former player. He is currently the manager of Spanish La Liga club Atlético de Madrid.\n",
          "url": "http://en.wikipedia.org/wiki/Diego_Simeone",
          "license": "https://en.wikipedia.org/wiki/Wikipedia:Text_of_Creative_Commons_Attribution-ShareAlike_3.0_Unported_License"
        }
      },
      "resultScore": 13.429828
    },
    {
      "@type": "EntitySearchResult",
      "result": {
        "@id": "kg:/m/0bckz9",
        "name": "Diego Milito",
        "@type": [
          "Person",
          "Thing"
        ],
        "description": "Soccer player",
        "image": {
          "contentUrl": "http://t2.gstatic.com/images?q=tbn:ANd9GcQ3hfkVo-FxJN101i_5pZK8VmVvJTibisilj4ItTXk1N7PUyfqk",
          "url": "https://en.wikipedia.org/wiki/Diego_Milito",
          "license": "http://www.gnu.org/copyleft/fdl.html"
        },
        "detailedDescription": {
          "articleBody": "Diego Alberto Milito is an Argentine footballer who plays as a striker for Racing Club and also formerly played for the Argentine national team. ",
          "url": "http://en.wikipedia.org/wiki/Diego_Milito",
          "license": "https://en.wikipedia.org/wiki/Wikipedia:Text_of_Creative_Commons_Attribution-ShareAlike_3.0_Unported_License"
        }
      },
      "resultScore": 13.421534
    },
    {
      "@type": "EntitySearchResult",
      "result": {
        "@id": "kg:/m/0k9c4sp",
        "name": "Raúl Maradona",
        "@type": [
          "Person",
          "Thing"
        ],
        "description": "Soccer player",
        "detailedDescription": {
          "articleBody": "Raúl Alfredo Maradona Franco, also known as Lalo Maradona is an Argentine former professional footballer who played as a striker.",
          "url": "http://en.wikipedia.org/wiki/Ra%C3%BAl_Maradona",
          "license": "https://en.wikipedia.org/wiki/Wikipedia:Text_of_Creative_Commons_Attribution-ShareAlike_3.0_Unported_License"
        }
      },
      "resultScore": 13.307617
    },
    {
      "@type": "EntitySearchResult",
      "result": {
        "@id": "kg:/m/0288z1x",
        "name": "Bogdan Dotchev",
        "@type": [
          "Thing",
          "Person"
        ],
        "description": "Referee",
        "detailedDescription": {
          "articleBody": "Bogdan Ganev Dochev is a retired Bulgarian football referee. He is known for having refereed two matches in the FIFA World Cup, one in 1982 and one in 1986. ",
          "url": "http://en.wikipedia.org/wiki/Bogdan_Dochev",
          "license": "https://en.wikipedia.org/wiki/Wikipedia:Text_of_Creative_Commons_Attribution-ShareAlike_3.0_Unported_License"
        }
      },
      "resultScore": 13.278446
    },
    {
      "@type": "EntitySearchResult",
      "result": {
        "@id": "kg:/m/052_2yj",
        "name": "Diego Contento",
        "@type": [
          "Person",
          "Thing"
        ],
        "description": "Soccer player",
        "image": {
          "contentUrl": "http://t0.gstatic.com/images?q=tbn:ANd9GcRmMmL7_pOX9XC9oj_ngXwp-3gkmDg_5rVC9Xq7rN84VjvBI6fo",
          "url": "http://en.wikipedia.org/wiki/Diego_Contento",
          "license": "http://creativecommons.org/licenses/by-sa/4.0"
        },
        "detailedDescription": {
          "articleBody": "Diego Armando Valentin Contento is a German professional footballer of Italian descent who currently plays as a left back for Girondins de Bordeaux in the Ligue 1.",
          "url": "http://en.wikipedia.org/wiki/Diego_Contento",
          "license": "https://en.wikipedia.org/wiki/Wikipedia:Text_of_Creative_Commons_Attribution-ShareAlike_3.0_Unported_License"
        }
      },
      "resultScore": 12.233238
    },
    {
      "@type": "EntitySearchResult",
      "result": {
        "@id": "kg:/m/058z7c",
        "name": "Hugo Maradona",
        "@type": [
          "Thing",
          "Person"
        ],
        "description": "Soccer player",
        "detailedDescription": {
          "articleBody": "Hugo Hernán Maradona, also known as El Turco, is an Argentine Association football coach and former player, he is the brother of legendary player Diego Maradona. ",
          "url": "http://en.wikipedia.org/wiki/Hugo_Maradona",
          "license": "https://en.wikipedia.org/wiki/Wikipedia:Text_of_Creative_Commons_Attribution-ShareAlike_3.0_Unported_License"
        }
      },
      "resultScore": 11.97934
    },
    {
      "@type": "EntitySearchResult",
      "result": {
        "@id": "kg:/m/012c8r9_",
        "name": "Guillermo Coppola",
        "@type": [
          "Person",
          "Thing"
        ],
        "detailedDescription": {
          "articleBody": "Guillermo Coppola is an Argentine businessman. He was born in Buenos Aires in 1948. He worked as the agent of over two hundred football players, and eventually became the agent of Diego Maradona. ",
          "url": "http://en.wikipedia.org/wiki/Guillermo_Coppola",
          "license": "https://en.wikipedia.org/wiki/Wikipedia:Text_of_Creative_Commons_Attribution-ShareAlike_3.0_Unported_License"
        }
      },
      "resultScore": 11.774368
    },
    {
      "@type": "EntitySearchResult",
      "result": {
        "@id": "kg:/m/0280bdn",
        "name": "Diego Biseswar",
        "@type": [
          "Person",
          "Thing"
        ],
        "description": "Soccer player",
        "image": {
          "contentUrl": "http://t1.gstatic.com/images?q=tbn:ANd9GcQRB48XaeQzVFSsECI4ucEi5u0cF2iIGFmD5_h3ycO2vuztHk04",
          "url": "http://en.wikipedia.org/wiki/Diego_Biseswar",
          "license": "http://creativecommons.org/licenses/by-sa/3.0"
        },
        "detailedDescription": {
          "articleBody": "Diego Biseswar is a Dutch professional footballer who plays for Turkish club Kayserispor, as a left winger.",
          "url": "http://en.wikipedia.org/wiki/Diego_Biseswar",
          "license": "https://en.wikipedia.org/wiki/Wikipedia:Text_of_Creative_Commons_Attribution-ShareAlike_3.0_Unported_License"
        }
      },
      "resultScore": 11.523484
    },
    {
      "@type": "EntitySearchResult",
      "result": {
        "@id": "kg:/m/0dlm25w",
        "name": "Diego Magdaleno",
        "@type": [
          "Thing",
          "Person"
        ],
        "description": "Boxer",
        "detailedDescription": {
          "articleBody": "Diego Armando Magdaleno is a Mexican-American boxer in the Super Featherweight division and is the current NABF Super Featherweight Champion. He's also the brother of undefeated boxer Jesús Magdaleno. Diego has been featured in the top ten in Ring Magazine's ratings for junior lightweight.",
          "url": "http://en.wikipedia.org/wiki/Diego_Magdaleno",
          "license": "https://en.wikipedia.org/wiki/Wikipedia:Text_of_Creative_Commons_Attribution-ShareAlike_3.0_Unported_License"
        }
      },
      "resultScore": 10.903382
    },
    {
      "@type": "EntitySearchResult",
      "result": {
        "@id": "kg:/m/0cc9vs1",
        "name": "Maradona Rebello",
        "@type": [
          "Person",
          "Thing"
        ],
        "description": "Actor",
        "image": {
          "contentUrl": "http://t3.gstatic.com/images?q=tbn:ANd9GcSiLQWwJPaQwRcdueZnmswX1QfB1mEJV_dfwpRiM8WhXkzV3hNf",
          "url": "http://en.wikipedia.org/wiki/Maradona_Rebello",
          "license": "http://creativecommons.org/licenses/by/3.0"
        },
        "detailedDescription": {
          "articleBody": "Maradona Rebello is an Indian actor who works in the Bollywood film industry. Rebello's first name was kept by his father after being inspired by the footballer Diego Maradona. ",
          "url": "http://en.wikipedia.org/wiki/Maradona_Rebello",
          "license": "https://en.wikipedia.org/wiki/Wikipedia:Text_of_Creative_Commons_Attribution-ShareAlike_3.0_Unported_License"
        }
      },
      "resultScore": 10.850018
    },
    {
      "@type": "EntitySearchResult",
      "result": {
        "@id": "kg:/m/027_m0y",
        "name": "Erik Fredriksson",
        "@type": [
          "Person",
          "Thing"
        ],
        "description": "Referee",
        "detailedDescription": {
          "articleBody": "Erik Fredriksson is a former Swedish football referee. He officiated four World Cup games: Yugoslavia v Northern Ireland in 1982; Italy v Bulgaria and USSR v Belgium in 1986; and Argentina v USSR in 1990.\n",
          "url": "http://en.wikipedia.org/wiki/Erik_Fredriksson",
          "license": "https://en.wikipedia.org/wiki/Wikipedia:Text_of_Creative_Commons_Attribution-ShareAlike_3.0_Unported_License"
        }
      },
      "resultScore": 10.848099
    },
    {
      "@type" : "EntitySearchResult",
      "result" : {
        "@id" : "kg:/m/06qjgc",
        "name" : "Lionel Messi",
        "@type" : [
          "Thing",
          "Person"
        ],
        "description" : "Soccer player",
        "image" : {
          "contentUrl" : "http://t2.gstatic.com/images?q=tbn:ANd9GcSe6yUDpMNN2k5pr9L_ObDl4XqxGPmqlmnSuCUGXaZJYyVN-oCm",
          "url" : "https://en.wikipedia.org/wiki/Lionel_Messi",
          "license" : "http://creativecommons.org/licenses/by-sa/3.0"
        },
        "detailedDescription" : {
          "articleBody" : "Lionel Andrés \"Leo\" Messi is an Argentine professional footballer who plays as a forward for Spanish club Barcelona and the Argentina national team. ",
          "url" : "http://en.wikipedia.org/wiki/Lionel_Messi",
          "license" : "https://en.wikipedia.org/wiki/Wikipedia:Text_of_Creative_Commons_Attribution-ShareAlike_3.0_Unported_License"
        },
        "url" : "http://www.leomessi.com/"
      },
      "resultScore" : 261.134216
    }, {
      "@type" : "EntitySearchResult",
      "result" : {
        "@id" : "kg:/g/1xy317bc",
        "name" : "Lionel Messi Nyamsi",
        "@type" : [
          "Person",
          "Thing"
        ]
      },
      "resultScore" : 99.446259
    }, {
      "@type" : "EntitySearchResult",
      "result" : {
        "@id" : "kg:/m/07k7ht5",
        "name" : "Juan Iturbe",
        "@type" : [
          "Thing",
          "Person"
        ],
        "description" : "Soccer player",
        "image" : {
          "contentUrl" : "http://t0.gstatic.com/images?q=tbn:ANd9GcQOnvBT7XzskGVL0ycOD-J-q2TsIKI2W5iVQOM5nvMcFdwXZY_r",
          "url" : "https://en.wikipedia.org/wiki/Juan_Iturbe",
          "license" : "http://creativecommons.org/licenses/by-sa/2.0"
        },
        "detailedDescription" : {
          "articleBody" : "Juan Manuel Iturbe Arévalos is a Paraguayan professional footballer who plays as a forward for English club Bournemouth, on loan from Italian club Roma.\nHe represented the Paraguay national team in a friendly match in 2009. ",
          "url" : "http://en.wikipedia.org/wiki/Juan_Iturbe",
          "license" : "https://en.wikipedia.org/wiki/Wikipedia:Text_of_Creative_Commons_Attribution-ShareAlike_3.0_Unported_License"
        }
      },
      "resultScore" : 92.560059
    }, {
      "@type" : "EntitySearchResult",
      "result" : {
        "@id" : "kg:/m/02692qg",
        "name" : "Gerald James",
        "@type" : [
          "Person",
          "Thing"
        ],
        "description" : "Actor",
        "detailedDescription" : {
          "articleBody" : "Gerald James was a British actor best known for his character actor roles in British television productions such as The Sandbaggers, The Professionals, Secret Army, Sapphire &amp; Steel, Hadleigh and The Pickwick Papers. ",
          "url" : "http://en.wikipedia.org/wiki/Gerald_James",
          "license" : "https://en.wikipedia.org/wiki/Wikipedia:Text_of_Creative_Commons_Attribution-ShareAlike_3.0_Unported_License"
        }
      },
      "resultScore" : 18.082232
    }, {
      "@type" : "EntitySearchResult",
      "result" : {
        "@id" : "kg:/m/0h940x_",
        "name" : "Nompumelelo Nyandeni",
        "@type" : [
          "Person",
          "Thing"
        ],
        "description" : "Soccer forward",
        "detailedDescription" : {
          "articleBody" : "Nompumelelo Nyandeni is a South African football forward who previously played for Rossiyanka in the Russian Championship. She is a member of the South African national team.\n",
          "url" : "http://en.wikipedia.org/wiki/Nompumelelo_Nyandeni",
          "license" : "https://en.wikipedia.org/wiki/Wikipedia:Text_of_Creative_Commons_Attribution-ShareAlike_3.0_Unported_License"
        }
      },
      "resultScore" : 13.520532
    }, {
      "@type" : "EntitySearchResult",
      "result" : {
        "@id" : "kg:/m/04jjr_l",
        "name" : "Abdullaziz Al-Dawsari",
        "@type" : [
          "Thing",
          "Person"
        ],
        "description" : "Soccer player",
        "detailedDescription" : {
          "articleBody" : "Abdullaziz Al-Dawsari is a Saudi football player. He currently plays for his country, Saudi Arabia, as well as Al-Hilal in the Saudi Professional League. ",
          "url" : "http://en.wikipedia.org/wiki/Abdullaziz_Al-Dawsari",
          "license" : "https://en.wikipedia.org/wiki/Wikipedia:Text_of_Creative_Commons_Attribution-ShareAlike_3.0_Unported_License"
        }
      },
      "resultScore" : 11.966512
    }, {
      "@type" : "EntitySearchResult",
      "result" : {
        "@id" : "kg:/m/080kf_v",
        "name" : "Emanuel Biancucchi",
        "@type" : [
          "Person",
          "Thing"
        ],
        "description" : "Soccer midfielder",
        "image" : {
          "contentUrl" : "http://t0.gstatic.com/images?q=tbn:ANd9GcTKPW64MlHwlcJG5AK8IrV5poIGXDluVPD3LtN46oJabZXJBWBL",
          "url" : "http://en.wikipedia.org/wiki/Emanuel_Biancucchi",
          "license" : "http://www.gnu.org/copyleft/fdl.html"
        },
        "detailedDescription" : {
          "articleBody" : "Emanuel Biancucchi Cuccitini is an Argentine football midfielder who plays for Brasileirão Série B club Ceará.",
          "url" : "http://en.wikipedia.org/wiki/Emanuel_Biancucchi",
          "license" : "https://en.wikipedia.org/wiki/Wikipedia:Text_of_Creative_Commons_Attribution-ShareAlike_3.0_Unported_License"
        }
      },
      "resultScore" : 9.171427
    }, {
      "@type" : "EntitySearchResult",
      "result" : {
        "@id" : "kg:/g/11dyk09zz",
        "name" : "Henry Hernández",
        "@type" : [
          "Person",
          "Thing"
        ],
        "description" : "Soccer player",
        "detailedDescription" : {
          "articleBody" : "Henry Javier Hernández is a Colombian professional footballer who plays as a forward. He was ranked the third top goalscorer of the world in 2012 by IFFHS behind Lionel Messi and Cristiano Ronaldo, scoring 35 goals in 45 matches with Guatemalan club Heredia.",
          "url" : "http://en.wikipedia.org/wiki/Henry_Javier_Hern%C3%A1ndez",
          "license" : "https://en.wikipedia.org/wiki/Wikipedia:Text_of_Creative_Commons_Attribution-ShareAlike_3.0_Unported_License"
        }
      },
      "resultScore" : 8.923749
    }, {
      "@type" : "EntitySearchResult",
      "result" : {
        "@id" : "kg:/m/04q205h",
        "name" : "Julio Musimessi",
        "@type" : [
          "Person",
          "Thing"
        ],
        "description" : "Soccer player",
        "image" : {
          "contentUrl" : "http://t3.gstatic.com/images?q=tbn:ANd9GcTXldoxM_t933a8qivacreIbmwVLeb0vLARGhm256aE6nqgaJ7K",
          "url" : "http://en.wikipedia.org/wiki/Julio_Musimessi"
        },
        "detailedDescription" : {
          "articleBody" : "Julio Elías Musimessi was an Argentine football goalkeeper who played for Newell's Old Boys, Boca Juniors and the Argentina national team.\n",
          "url" : "http://en.wikipedia.org/wiki/Julio_Musimessi",
          "license" : "https://en.wikipedia.org/wiki/Wikipedia:Text_of_Creative_Commons_Attribution-ShareAlike_3.0_Unported_License"
        }
      },
      "resultScore" : 8.901566
    }, {
      "@type" : "EntitySearchResult",
      "result" : {
        "@id" : "kg:/m/0g0_l4",
        "name" : "Mesut Özil",
        "@type" : [
          "Thing",
          "Person"
        ],
        "description" : "Soccer player",
        "image" : {
          "contentUrl" : "http://t2.gstatic.com/images?q=tbn:ANd9GcRpBbR8EfENiiHXl8qltrF0j6el4AzOiaEQ_4Y3z5aqKhGEZgn8",
          "url" : "https://en.wikipedia.org/wiki/Mesut_%C3%96zil",
          "license" : "http://creativecommons.org/licenses/by/2.0"
        },
        "detailedDescription" : {
          "articleBody" : "Mesut Özil is a German footballer who plays for English club Arsenal and the German national team. Özil has been a youth national team member since 2006, and a member of the German national team since 2009. ",
          "url" : "http://en.wikipedia.org/wiki/Mesut_%C3%96zil",
          "license" : "https://en.wikipedia.org/wiki/Wikipedia:Text_of_Creative_Commons_Attribution-ShareAlike_3.0_Unported_License"
        },
        "url" : "http://www.mesutoezil.com/"
      },
      "resultScore" : 8.812284
    }, {
      "@type" : "EntitySearchResult",
      "result" : {
        "@id" : "kg:/m/0ll2hdt",
        "name" : "Ismail Easa",
        "@type" : [
          "Thing",
          "Person"
        ],
        "description" : "Soccer player",
        "detailedDescription" : {
          "articleBody" : "Ismail Easa is a Maldivian footballer nicknamed \"Messi\", who is currently playing for New Radiant Sports Club.",
          "url" : "http://en.wikipedia.org/wiki/Ismail_Easa",
          "license" : "https://en.wikipedia.org/wiki/Wikipedia:Text_of_Creative_Commons_Attribution-ShareAlike_3.0_Unported_License"
        }
      },
      "resultScore" : 8.809415
    }, {
      "@type" : "EntitySearchResult",
      "result" : {
        "@id" : "kg:/m/0f5hnf",
        "name" : "Gerardo Martino",
        "@type" : [
          "Person",
          "Thing"
        ],
        "description" : "Soccer player",
        "image" : {
          "contentUrl" : "http://t0.gstatic.com/images?q=tbn:ANd9GcQ2pD9aw2JYZ1UPYT4MSQGPFZma0vs4JmhiYQWVkzAEpV7Wue9U",
          "url" : "http://en.wikipedia.org/wiki/Gerardo_Martino",
          "license" : "http://creativecommons.org/licenses/by-sa/2.0"
        },
        "detailedDescription" : {
          "articleBody" : "Gerardo Daniel \"Tata\" Martino is a former Argentine footballer who is currently the manager of the Argentine national team.\nMartino played mostly for Newell's Old Boys in his native Rosario. ",
          "url" : "http://en.wikipedia.org/wiki/Gerardo_Martino",
          "license" : "https://en.wikipedia.org/wiki/Wikipedia:Text_of_Creative_Commons_Attribution-ShareAlike_3.0_Unported_License"
        }
      },
      "resultScore" : 8.51274
    }, {
      "@type" : "EntitySearchResult",
      "result" : {
        "@id" : "kg:/m/0120x1jy",
        "name" : "Lucas Scaglia",
        "@type" : [
          "Thing",
          "Person"
        ],
        "description" : "Soccer player",
        "detailedDescription" : {
          "articleBody" : "Lucas Scaglia is an Argentine footballer who plays as a midfielder for Jacksonville Armada FC in the North American Soccer League. He was one of three Argentinians signed by the team on January 29, 2015. He previously played for current Armada FC coach Guillermo Hoyo at Club Bolivar. He is a childhood friend of FC Barcelona forward Lionel Messi.",
          "url" : "http://en.wikipedia.org/wiki/Lucas_Scaglia",
          "license" : "https://en.wikipedia.org/wiki/Wikipedia:Text_of_Creative_Commons_Attribution-ShareAlike_3.0_Unported_License"
        }
      },
      "resultScore" : 8.410759
    }, {
      "@type" : "EntitySearchResult",
      "result" : {
        "@id" : "kg:/m/0s8wzpn",
        "name" : "Nicolas Timmermans",
        "@type" : [
          "Person",
          "Thing"
        ],
        "description" : "Soccer player",
        "detailedDescription" : {
          "articleBody" : "Nicolas Timmermans is a Belgian footballer who plays for Eupen in the Belgian Second Division.",
          "url" : "http://en.wikipedia.org/wiki/Nicolas_Timmermans",
          "license" : "https://en.wikipedia.org/wiki/Wikipedia:Text_of_Creative_Commons_Attribution-ShareAlike_3.0_Unported_License"
        }
      },
      "resultScore" : 8.374136
    }, {
      "@type" : "EntitySearchResult",
      "result" : {
        "@id" : "kg:/m/0bwjt99",
        "name" : "Lorenzo Insigne",
        "@type" : [
          "Thing",
          "Person"
        ],
        "description" : "Soccer player",
        "image" : {
          "contentUrl" : "http://t1.gstatic.com/images?q=tbn:ANd9GcTNRMs4CkzIuAZhiO2zxp-oGbsh8cXbNBj5-v3coNK_JYDQE1KU",
          "url" : "https://pl.wikipedia.org/wiki/Lorenzo_Insigne",
          "license" : "http://creativecommons.org/licenses/by-sa/3.0"
        },
        "detailedDescription" : {
          "articleBody" : "Lorenzo Insigne is an Italian professional footballer who plays as a forward or attacking midfielder for Italian club Napoli and the Italy national team. ",
          "url" : "http://en.wikipedia.org/wiki/Lorenzo_Insigne",
          "license" : "https://en.wikipedia.org/wiki/Wikipedia:Text_of_Creative_Commons_Attribution-ShareAlike_3.0_Unported_License"
        }
      },
      "resultScore" : 7.990433
    }, {
      "@type" : "EntitySearchResult",
      "result" : {
        "@id" : "kg:/m/0136_pwh",
        "name" : "Indi Cowie",
        "@type" : [
          "Person",
          "Thing"
        ],
        "description" : "Soccer player",
        "detailedDescription" : {
          "articleBody" : "Indi Armstrong Cowie is a Scottish American professional freestyle footballer and football coach. She became an assistant coach to Anson Dorrance at the North Carolina Tar Heels when an anterior cruciate ligament injury caused her retirement from college soccer. ",
          "url" : "http://en.wikipedia.org/wiki/Indi_Cowie",
          "license" : "https://en.wikipedia.org/wiki/Wikipedia:Text_of_Creative_Commons_Attribution-ShareAlike_3.0_Unported_License"
        }
      },
      "resultScore" : 7.917301
    }, {
      "@type" : "EntitySearchResult",
      "result" : {
        "@id" : "kg:/m/0jt52mm",
        "name" : "Ryan Gauld",
        "@type" : [
          "Person",
          "Thing"
        ],
        "description" : "Soccer player",
        "detailedDescription" : {
          "articleBody" : "Ryan Gauld is a Scottish professional footballer who currently plays as an attacking midfielder for Portuguese club Sporting Clube de Portugal and the Scotland national under-21 football team.\n",
          "url" : "http://en.wikipedia.org/wiki/Ryan_Gauld",
          "license" : "https://en.wikipedia.org/wiki/Wikipedia:Text_of_Creative_Commons_Attribution-ShareAlike_3.0_Unported_License"
        }
      },
      "resultScore" : 7.672773
    }, {
      "@type" : "EntitySearchResult",
      "result" : {
        "@id" : "kg:/m/011g0zwl",
        "name" : "Pau López",
        "@type" : [
          "Person",
          "Thing"
        ],
        "description" : "Soccer player",
        "detailedDescription" : {
          "articleBody" : "Pau López Sabata, known simply as Pau, is a Spanish professional footballer who plays for RCD Espanyol as a goalkeeper.",
          "url" : "http://en.wikipedia.org/wiki/Pau_L%C3%B3pez",
          "license" : "https://en.wikipedia.org/wiki/Wikipedia:Text_of_Creative_Commons_Attribution-ShareAlike_3.0_Unported_License"
        }
      },
      "resultScore" : 7.561445
    }, {
      "@type" : "EntitySearchResult",
      "result" : {
        "@id" : "kg:/m/0wdrqzz",
        "name" : "Estefanía Banini",
        "@type" : [
          "Person",
          "Thing"
        ],
        "description" : "Soccer forward",
        "image" : {
          "contentUrl" : "http://t3.gstatic.com/images?q=tbn:ANd9GcQ6VnqxdLGhcD06Z_Gx2qiypvROJG6YFMlTQ7OSA5kAYaubxmDT",
          "url" : "http://en.wikipedia.org/wiki/Estefan%C3%ADa_Banini",
          "license" : "http://creativecommons.org/licenses/by-sa/2.0"
        },
        "detailedDescription" : {
          "articleBody" : "Estefanía Romina Banini Ruíz is a Argentine football forward currently playing for American National Women's Soccer League club Washington Spirit. She previously spent four seasons with Colo-Colo of the Chilean women's football championship. Banini is a member of the Argentine women's national team. ",
          "url" : "http://en.wikipedia.org/wiki/Estefan%C3%ADa_Banini",
          "license" : "https://en.wikipedia.org/wiki/Wikipedia:Text_of_Creative_Commons_Attribution-ShareAlike_3.0_Unported_License"
        }
      },
      "resultScore" : 7.276628
    }, {
      "@type" : "EntitySearchResult",
      "result" : {
        "@id" : "kg:/m/04n5ksr",
        "name" : "Sergei Yashin",
        "@type" : [
          "Person",
          "Thing"
        ],
        "description" : "Soccer player",
        "detailedDescription" : {
          "articleBody" : "Sergei Sergeyevich Yashin is a Russian footballer.",
          "url" : "http://en.wikipedia.org/wiki/Sergei_Yashin_(footballer)",
          "license" : "https://en.wikipedia.org/wiki/Wikipedia:Text_of_Creative_Commons_Attribution-ShareAlike_3.0_Unported_License"
        }
      },
      "resultScore" : 7.224541
    },
    {
      "@type" : "EntitySearchResult",
      "result" : {
        "@id" : "kg:/m/01fdsm",
        "name" : "Michel Platini",
        "@type" : [
          "Thing",
          "Person"
        ],
        "description" : "Soccer player",
        "image" : {
          "contentUrl" : "http://t3.gstatic.com/images?q=tbn:ANd9GcR1l4cg4XDoLw6J8nEJGKRENo0HuEJBDlzjsMnZkGFITOtEMhVz",
          "url" : "https://commons.wikimedia.org/wiki/File:Michel_Platini_in_Wroclaw_by_Klearchos_Kapoutsis_tight_crop.jpg",
          "license" : "http://creativecommons.org/licenses/by/2.0"
        },
        "detailedDescription" : {
          "articleBody" : "Michel François Platini is a football administrator, who served as the president of the Union of European Football Associations from 2007 until 2015, after which he was banned for 8 years following an ethics investigation by the FIFA Ethics Committee on 21 December 2015, and formerly a French football player and manager. ",
          "url" : "http://en.wikipedia.org/wiki/Michel_Platini",
          "license" : "https://en.wikipedia.org/wiki/Wikipedia:Text_of_Creative_Commons_Attribution-ShareAlike_3.0_Unported_License"
        }
      },
      "resultScore" : 230.665878
    }, {
      "@type" : "EntitySearchResult",
      "result" : {
        "@id" : "kg:/m/04dz84f",
        "name" : "Michel Platini Mesquita",
        "@type" : [
          "Thing",
          "Person"
        ],
        "description" : "Soccer player",
        "image" : {
          "contentUrl" : "http://t1.gstatic.com/images?q=tbn:ANd9GcRv4i6hdmz-e1CcGmGMI_2o15mdPjAx6zVT0tUR5CwrTs2xUv1-",
          "url" : "http://en.wikipedia.org/wiki/Michel_Platini_Mesquita",
          "license" : "http://www.gnu.org/copyleft/fdl.html"
        },
        "detailedDescription" : {
          "articleBody" : "Michel Platini Ferreira Mesquita or simply Michel Platini is a Brazilian footballer who currently plays for Brasília.",
          "url" : "http://en.wikipedia.org/wiki/Michel_Platini_Mesquita",
          "license" : "https://en.wikipedia.org/wiki/Wikipedia:Text_of_Creative_Commons_Attribution-ShareAlike_3.0_Unported_License"
        }
      },
      "resultScore" : 166.153015
    }, {
      "@type" : "EntitySearchResult",
      "result" : {
        "@id" : "kg:/m/09v71rv",
        "name" : "François-Cyrille Grange",
        "@type" : [
          "Person",
          "Thing"
        ],
        "detailedDescription" : {
          "articleBody" : "François-Cyrille Grange is a French alpine skier who competed in the early 2000s.",
          "url" : "http://en.wikipedia.org/wiki/Fran%C3%A7ois-Cyrille_Grange",
          "license" : "https://en.wikipedia.org/wiki/Wikipedia:Text_of_Creative_Commons_Attribution-ShareAlike_3.0_Unported_License"
        }
      },
      "resultScore" : 19.327391
    }, {
      "@type" : "EntitySearchResult",
      "result" : {
        "@id" : "kg:/m/067r7h",
        "name" : "Lennart Johansson",
        "@type" : [
          "Thing",
          "Person"
        ],
        "image" : {
          "contentUrl" : "http://t3.gstatic.com/images?q=tbn:ANd9GcQa1ILXV1dTTaxQLVsW6R9w5oWsZBHh8fp-B0mhIeSzdugSj7jg",
          "url" : "http://en.wikipedia.org/wiki/Lennart_Johansson"
        },
        "detailedDescription" : {
          "articleBody" : "Nils Lennart Johansson was the fifth and, to date, the longest serving president of UEFA, the Union of European Football Associations, from his election at UEFA's Malta Congress in 1990 until 2007.",
          "url" : "http://en.wikipedia.org/wiki/Lennart_Johansson",
          "license" : "https://en.wikipedia.org/wiki/Wikipedia:Text_of_Creative_Commons_Attribution-ShareAlike_3.0_Unported_License"
        }
      },
      "resultScore" : 14.573987
    }, {
      "@type" : "EntitySearchResult",
      "result" : {
        "@id" : "kg:/m/02rm6qd",
        "name" : "Serge Chiesa",
        "@type" : [
          "Person",
          "Thing"
        ],
        "description" : "Soccer player",
        "detailedDescription" : {
          "articleBody" : "Serge Chiesa is a former professional French footballer .\nHe is a historic player of Olympique Lyonnais, an excellent dribbler whose skill was comparable to Michel Platini. ",
          "url" : "http://en.wikipedia.org/wiki/Serge_Chiesa",
          "license" : "https://en.wikipedia.org/wiki/Wikipedia:Text_of_Creative_Commons_Attribution-ShareAlike_3.0_Unported_License"
        }
      },
      "resultScore" : 13.727059
    }, {
      "@type" : "EntitySearchResult",
      "result" : {
        "@id" : "kg:/m/08ljpr",
        "name" : "Michel Hidalgo",
        "@type" : [
          "Thing",
          "Person"
        ],
        "description" : "Soccer player",
        "image" : {
          "contentUrl" : "http://t2.gstatic.com/images?q=tbn:ANd9GcRPMoAtDQ_q0-oAj-BEvJ81rM6kGQDUq-qjla8XUR3nBtZf1E5K",
          "url" : "http://en.wikipedia.org/wiki/Michel_Hidalgo",
          "license" : "http://creativecommons.org/licenses/by-sa/3.0"
        },
        "detailedDescription" : {
          "articleBody" : "Michel Hidalgo is a French former football player and manager. He was the coach of the French national team from 1976 to 1984.",
          "url" : "http://en.wikipedia.org/wiki/Michel_Hidalgo",
          "license" : "https://en.wikipedia.org/wiki/Wikipedia:Text_of_Creative_Commons_Attribution-ShareAlike_3.0_Unported_License"
        }
      },
      "resultScore" : 11.840699
    }, {
      "@type" : "EntitySearchResult",
      "result" : {
        "@id" : "kg:/m/0267n59",
        "name" : "Gérard Janvion",
        "@type" : [
          "Thing",
          "Person"
        ],
        "description" : "Soccer player",
        "detailedDescription" : {
          "articleBody" : "Gérard Janvion is a retired French international footballer who played defender.",
          "url" : "http://en.wikipedia.org/wiki/G%C3%A9rard_Janvion",
          "license" : "https://en.wikipedia.org/wiki/Wikipedia:Text_of_Creative_Commons_Attribution-ShareAlike_3.0_Unported_License"
        }
      },
      "resultScore" : 9.730565
    }, {
      "@type" : "EntitySearchResult",
      "result" : {
        "@id" : "kg:/m/09k79jb",
        "name" : "Robyn Perry",
        "@type" : [
          "Person",
          "Thing"
        ],
        "detailedDescription" : {
          "articleBody" : "Robyn Ainsworth, was a 12-year-old schoolgirl and figure skater who lit the Olympic Flame in 1988 Winter Olympics.",
          "url" : "http://en.wikipedia.org/wiki/Robyn_Perry",
          "license" : "https://en.wikipedia.org/wiki/Wikipedia:Text_of_Creative_Commons_Attribution-ShareAlike_3.0_Unported_License"
        }
      },
      "resultScore" : 9.60163
    }, {
      "@type" : "EntitySearchResult",
      "result" : {
        "@id" : "kg:/m/027jmyr",
        "name" : "Jean-François Larios",
        "@type" : [
          "Thing",
          "Person"
        ],
        "description" : "Soccer player",
        "detailedDescription" : {
          "articleBody" : "Jean-François Larios, nicknamed \"Turbo\" is a retired football midfielder from France. He earned seventeen international caps for the French national team during the late 1970s and early 1980s.\n",
          "url" : "http://en.wikipedia.org/wiki/Jean-Fran%C3%A7ois_Larios",
          "license" : "https://en.wikipedia.org/wiki/Wikipedia:Text_of_Creative_Commons_Attribution-ShareAlike_3.0_Unported_License"
        }
      },
      "resultScore" : 9.154548
    }, {
      "@type" : "EntitySearchResult",
      "result" : {
        "@id" : "kg:/m/0276g8h",
        "name" : "Antonio Alzamendi",
        "@type" : [
          "Thing",
          "Person"
        ],
        "description" : "Soccer player",
        "detailedDescription" : {
          "articleBody" : "Antonio Alzamendi Casas was a Uruguayan football player who retired in 1991.\nHis official debut was with the Uruguayan team Wanderers de Durazno. Alzamendi played for Uruguay at the 1986 and 1990 FIFA World Cups, scoring against West Germany in 1986. ",
          "url" : "http://en.wikipedia.org/wiki/Antonio_Alzamendi",
          "license" : "https://en.wikipedia.org/wiki/Wikipedia:Text_of_Creative_Commons_Attribution-ShareAlike_3.0_Unported_License"
        }
      },
      "resultScore" : 8.877154
    }, {
      "@type" : "EntitySearchResult",
      "result" : {
        "@id" : "kg:/m/0ctyz3",
        "name" : "Ivan Curkovic",
        "@type" : [
          "Thing",
          "Person"
        ],
        "description" : "Soccer player",
        "image" : {
          "contentUrl" : "http://t1.gstatic.com/images?q=tbn:ANd9GcSoACCU1gHo2ga1tzgdrUgA-1EmnwjgibHQFlHg1xC3PRrU3t7u",
          "url" : "http://en.wikipedia.org/wiki/Ivan_%C4%86urkovi%C4%87",
          "license" : "http://creativecommons.org/licenses/by-sa/3.0"
        },
        "detailedDescription" : {
          "articleBody" : "Ivan Curkovic is a former Croatian and naturalized Serbian footballer, who played as a goalkeeper for Velež Mostar, Partizan and Saint-Étienne.\n",
          "url" : "http://en.wikipedia.org/wiki/Ivan_%C4%86urkovi%C4%87",
          "license" : "https://en.wikipedia.org/wiki/Wikipedia:Text_of_Creative_Commons_Attribution-ShareAlike_3.0_Unported_License"
        }
      },
      "resultScore" : 8.690373
    }, {
      "@type" : "EntitySearchResult",
      "result" : {
        "@id" : "kg:/m/03byw6q",
        "name" : "Rino Marchesi",
        "@type" : [
          "Thing",
          "Person"
        ],
        "description" : "Football manager",
        "image" : {
          "contentUrl" : "http://t3.gstatic.com/images?q=tbn:ANd9GcQmGG2fcr-KuNoazFVxlI_gARsBrxoHZTK2Q1ZTraENa6_dRgkS",
          "url" : "http://en.wikipedia.org/wiki/Rino_Marchesi",
          "license" : "http://creativecommons.org/licenses/by-sa/3.0/nl/deed.en"
        },
        "detailedDescription" : {
          "articleBody" : "Rino Marchesi is a former Italian football midfielder and manager from San Giuliano Milanese.",
          "url" : "http://en.wikipedia.org/wiki/Rino_Marchesi",
          "license" : "https://en.wikipedia.org/wiki/Wikipedia:Text_of_Creative_Commons_Attribution-ShareAlike_3.0_Unported_License"
        }
      },
      "resultScore" : 8.512157
    }, {
      "@type" : "EntitySearchResult",
      "result" : {
        "@id" : "kg:/m/0bh7hj5",
        "name" : "Domenico Penzo",
        "@type" : [
          "Person",
          "Thing"
        ],
        "description" : "Soccer player",
        "detailedDescription" : {
          "articleBody" : "Domenico Penzo is a retired Italian professional football player.\nHe played 6 seasons in the Serie A for A.S. Roma, Brescia Calcio, Hellas Verona F.C., Juventus F.C. and S.S.C. Napoli.\n",
          "url" : "http://en.wikipedia.org/wiki/Domenico_Penzo",
          "license" : "https://en.wikipedia.org/wiki/Wikipedia:Text_of_Creative_Commons_Attribution-ShareAlike_3.0_Unported_License"
        }
      },
      "resultScore" : 8.065224
    }, {
      "@type" : "EntitySearchResult",
      "result" : {
        "@id" : "kg:/m/0267nbg",
        "name" : "Christian Lopez",
        "@type" : [
          "Thing",
          "Person"
        ],
        "description" : "Soccer player",
        "image" : {
          "contentUrl" : "http://t3.gstatic.com/images?q=tbn:ANd9GcSWeit4aCDIcSuMWSwn-bx_eHTNOeKNb8D7fMuVSRujwEw3dQw-",
          "url" : "http://en.wikipedia.org/wiki/Christian_Lopez_(footballer)",
          "license" : "http://creativecommons.org/licenses/by-sa/3.0/nl/deed.en"
        },
        "detailedDescription" : {
          "articleBody" : "Christian Lopez is a French retired footballer who played as a defender.",
          "url" : "http://en.wikipedia.org/wiki/Christian_Lopez_(footballer)",
          "license" : "https://en.wikipedia.org/wiki/Wikipedia:Text_of_Creative_Commons_Attribution-ShareAlike_3.0_Unported_License"
        }
      },
      "resultScore" : 8.05479
    }, {
      "@type" : "EntitySearchResult",
      "result" : {
        "@id" : "kg:/m/0jzl1m4",
        "name" : "Luís Carlos Almada Soares",
        "@type" : [
          "Person",
          "Thing"
        ],
        "description" : "Soccer player",
        "image" : {
          "contentUrl" : "http://t1.gstatic.com/images?q=tbn:ANd9GcTt0fB-IgUCtuam6IYZgTFl3_f240hzZl87A4e1nA6pRs7vAoLe",
          "url" : "http://en.wikipedia.org/wiki/Lu%C3%ADs_Carlos_Almada_Soares",
          "license" : "http://creativecommons.org/licenses/by-sa/2.0"
        },
        "detailedDescription" : {
          "articleBody" : "Luís Carlos Almada Soares, commonly known as Platini, is a Cape Verdean footballer who plays for Egyptian club El Ittihad Alexandria as a winger.\n",
          "url" : "http://en.wikipedia.org/wiki/Lu%C3%ADs_Carlos_Almada_Soares",
          "license" : "https://en.wikipedia.org/wiki/Wikipedia:Text_of_Creative_Commons_Attribution-ShareAlike_3.0_Unported_License"
        }
      },
      "resultScore" : 8.004198
    }, {
      "@type" : "EntitySearchResult",
      "result" : {
        "@id" : "kg:/m/0dnmvc",
        "name" : "Johnny Rep",
        "@type" : [
          "Thing",
          "Person"
        ],
        "description" : "Soccer player",
        "image" : {
          "contentUrl" : "http://t3.gstatic.com/images?q=tbn:ANd9GcSjkPEtjJLuKZxWLK05CZZbQeQubDzHdY7W7Gx8kRkrtFWmmG0i",
          "url" : "https://commons.wikimedia.org/wiki/File:Johnny_Rep_1974.jpg",
          "license" : "http://creativecommons.org/licenses/by-sa/3.0/nl/deed.en"
        },
        "detailedDescription" : {
          "articleBody" : "John Nicholaas \"Johnny\" Rep is a former Dutch footballer. He currently holds the all-time record for FIFA World Cup goals for the Netherlands with 7.",
          "url" : "http://en.wikipedia.org/wiki/Johnny_Rep",
          "license" : "https://en.wikipedia.org/wiki/Wikipedia:Text_of_Creative_Commons_Attribution-ShareAlike_3.0_Unported_License"
        }
      },
      "resultScore" : 7.976994
    }, {
      "@type" : "EntitySearchResult",
      "result" : {
        "@id" : "kg:/m/0dkd7v",
        "name" : "Roberto Pruzzo",
        "@type" : [
          "Person",
          "Thing"
        ],
        "description" : "Coach",
        "image" : {
          "contentUrl" : "http://t1.gstatic.com/images?q=tbn:ANd9GcSRHhp3eQL6eDS18kjTDDcWIrM-0e3iZlNS2TzBaeAxm8goIuFs",
          "url" : "https://en.wikipedia.org/wiki/Roberto_Pruzzo"
        },
        "detailedDescription" : {
          "articleBody" : "Roberto Pruzzo is an Italian former football striker, now a coach. He currently is the Sports manager of Savona. He represented Italy at UEFA Euro 1980. ",
          "url" : "http://en.wikipedia.org/wiki/Roberto_Pruzzo",
          "license" : "https://en.wikipedia.org/wiki/Wikipedia:Text_of_Creative_Commons_Attribution-ShareAlike_3.0_Unported_License"
        }
      },
      "resultScore" : 7.911012
    }, {
      "@type" : "EntitySearchResult",
      "result" : {
        "@id" : "kg:/m/0b6h8n0",
        "name" : "Ángel María Villar",
        "@type" : [
          "Thing",
          "Person"
        ],
        "description" : "Soccer player",
        "image" : {
          "contentUrl" : "http://t3.gstatic.com/images?q=tbn:ANd9GcQ97yEeAow4_Hrpn_I5nviV9C29RczZ_mpiqbteKS8mP_AtIbZ2",
          "url" : "http://en.wikipedia.org/wiki/%C3%81ngel_Mar%C3%ADa_Villar",
          "license" : "http://www.gnu.org/copyleft/fdl.html"
        },
        "detailedDescription" : {
          "articleBody" : "Ángel María Villar Llona is a Spanish retired footballer who played as a midfielder.\nAfter having represented Athletic Bilbao during a full decade, he went on to serve an even larger stint as president of the Spanish Football Federation.\n",
          "url" : "http://en.wikipedia.org/wiki/%C3%81ngel_Mar%C3%ADa_Villar",
          "license" : "https://en.wikipedia.org/wiki/Wikipedia:Text_of_Creative_Commons_Attribution-ShareAlike_3.0_Unported_License"
        }
      },
      "resultScore" : 7.619684
    }, {
      "@type" : "EntitySearchResult",
      "result" : {
        "@id" : "kg:/m/02psq90",
        "name" : "Amara Simba",
        "@type" : [
          "Person",
          "Thing"
        ],
        "description" : "Soccer player",
        "detailedDescription" : {
          "articleBody" : "Amara Simba, Dakar, Senegal is a retired French football player. During his career he played for Paris SG, AS Cannes, AS Monaco, SM Caen and Lille OSC in France, Club Leon in Mexico and Leyton Orient, Kingstonian, Kettering Town, Barnet, St. ",
          "url" : "http://en.wikipedia.org/wiki/Amara_Simba",
          "license" : "https://en.wikipedia.org/wiki/Wikipedia:Text_of_Creative_Commons_Attribution-ShareAlike_3.0_Unported_License"
        }
      },
      "resultScore" : 7.494287
    }, {
      "@type" : "EntitySearchResult",
      "result" : {
        "@id" : "kg:/m/02rjt_s",
        "name" : "William Gaillard",
        "@type" : [
          "Person",
          "Thing"
        ],
        "detailedDescription" : {
          "articleBody" : "William Gaillard is the director of communications and public affairs for the Union of European Football Associations. He is also the Senior Advisor to the President of UEFA Michel Platini.\n",
          "url" : "http://en.wikipedia.org/wiki/William_Gaillard",
          "license" : "https://en.wikipedia.org/wiki/Wikipedia:Text_of_Creative_Commons_Attribution-ShareAlike_3.0_Unported_License"
        }
      },
      "resultScore" : 7.289545
    },
    {
      "@type" : "EntitySearchResult",
      "result" : {
        "@id" : "kg:/m/013xhr",
        "name" : "Franz Beckenbauer",
        "@type" : [
          "Person",
          "Thing"
        ],
        "description" : "Soccer player",
        "image" : {
          "contentUrl" : "http://t3.gstatic.com/images?q=tbn:ANd9GcTgbl-uuMkzvZnHhrVa-lc6m1SVNsbH-sMEcDevlg36fewGjiS9",
          "url" : "https://en.wikipedia.org/wiki/Franz_Beckenbauer",
          "license" : "http://www.gnu.org/copyleft/fdl.html"
        },
        "detailedDescription" : {
          "articleBody" : "Franz Anton Beckenbauer is a German former professional footballer and manager. Early in his playing career he was nicknamed Der Kaiser because of his elegant style, dominance and leadership on the field, and also as his first name \"Franz\" is reminiscent of the Austrian emperors. ",
          "url" : "http://en.wikipedia.org/wiki/Franz_Beckenbauer",
          "license" : "https://en.wikipedia.org/wiki/Wikipedia:Text_of_Creative_Commons_Attribution-ShareAlike_3.0_Unported_License"
        }
      },
      "resultScore" : 232.421051
    }, {
      "@type" : "EntitySearchResult",
      "result" : {
        "@id" : "kg:/m/040zj4_",
        "name" : "Franz Beckenbauer, Sr.",
        "@type" : [
          "Person",
          "Thing"
        ],
        "description" : "Postal worker"
      },
      "resultScore" : 112.205147
    }, {
      "@type" : "EntitySearchResult",
      "result" : {
        "@id" : "kg:/m/0bqsl7w",
        "name" : "Susan Stahnke",
        "@type" : [
          "Thing",
          "Person"
        ],
        "description" : "TV actor",
        "detailedDescription" : {
          "articleBody" : "Susan Stahnke is a German TV presenter. She was born in Hamelin.",
          "url" : "http://en.wikipedia.org/wiki/Susan_Stahnke",
          "license" : "https://en.wikipedia.org/wiki/Wikipedia:Text_of_Creative_Commons_Attribution-ShareAlike_3.0_Unported_License"
        },
        "url" : "http://www.susanstahnke.de/"
      },
      "resultScore" : 14.180295
    }, {
      "@type" : "EntitySearchResult",
      "result" : {
        "@id" : "kg:/m/05p5633",
        "name" : "Beckenbauer Seur-In",
        "@type" : [
          "Thing",
          "Person"
        ],
        "description" : "Soccer player",
        "detailedDescription" : {
          "articleBody" : "Beckenbauer Seur-In is a professional footballer from Thailand. He currently plays for Sriracha FC in the Thailand Division 1 League. He is named after Franz Beckenbauer.",
          "url" : "http://en.wikipedia.org/wiki/Beckenbauer_Seur-In",
          "license" : "https://en.wikipedia.org/wiki/Wikipedia:Text_of_Creative_Commons_Attribution-ShareAlike_3.0_Unported_License"
        }
      },
      "resultScore" : 13.442872
    }, {
      "@type" : "EntitySearchResult",
      "result" : {
        "@id" : "kg:/m/09fkt_",
        "name" : "Stephan Beckenbauer",
        "@type" : [
          "Person",
          "Thing"
        ],
        "description" : "Soccer player",
        "detailedDescription" : {
          "articleBody" : "Stephan Beckenbauer was a German footballer, the son of Franz Beckenbauer.",
          "url" : "http://en.wikipedia.org/wiki/Stephan_Beckenbauer",
          "license" : "https://en.wikipedia.org/wiki/Wikipedia:Text_of_Creative_Commons_Attribution-ShareAlike_3.0_Unported_License"
        }
      },
      "resultScore" : 12.882821
    }, {
      "@type" : "EntitySearchResult",
      "result" : {
        "@id" : "kg:/m/0hgr8zk",
        "name" : "Miloud Hadefi",
        "@type" : [
          "Thing",
          "Person"
        ],
        "description" : "Soccer player",
        "detailedDescription" : {
          "articleBody" : "Miloud Hadefi was an Algerian football player and manager. Hedefi represented Algeria in two Football World Cup qualifying matches. His preferred position was Libero. ",
          "url" : "http://en.wikipedia.org/wiki/Miloud_Hadefi",
          "license" : "https://en.wikipedia.org/wiki/Wikipedia:Text_of_Creative_Commons_Attribution-ShareAlike_3.0_Unported_License"
        }
      },
      "resultScore" : 10.499109
    }, {
      "@type" : "EntitySearchResult",
      "result" : {
        "@id" : "kg:/m/0412d6p",
        "name" : "Gert Trinklein",
        "@type" : [
          "Thing",
          "Person"
        ],
        "description" : "Soccer player",
        "detailedDescription" : {
          "articleBody" : "Gert Trinklein is a former German football player.\nBetween 1969 and 1978 Trinklein appeared in 230 matches for Eintracht Frankfurt. In 1979 he moved to the USA, becoming the third German soccer pro besides Franz Beckenbauer and Gerd Müller. Since 1985 he is an independent tradesman and merchandises at sport events. Since 2006 Gert Trinklein is part of the FDP fraction in Frankfurt parliament.",
          "url" : "http://en.wikipedia.org/wiki/Gert_Trinklein",
          "license" : "https://en.wikipedia.org/wiki/Wikipedia:Text_of_Creative_Commons_Attribution-ShareAlike_3.0_Unported_License"
        }
      },
      "resultScore" : 9.899106
    }, {
      "@type" : "EntitySearchResult",
      "result" : {
        "@id" : "kg:/m/040971p",
        "name" : "Heinz Gründel",
        "@type" : [
          "Thing",
          "Person"
        ],
        "description" : "Soccer player",
        "detailedDescription" : {
          "articleBody" : "Heinz Gründel is a former German footballer.\nGründel played in his entire career 161 matches in the Bundesliga and scored 24 goals. The midfielder played for Germany on four occasions. In 1986 he was called up by then manager Franz Beckenbauer to the 26 men pre-squad for the World Cup in Mexico. Finally, he was cut out, together with later 1990 World Champion Guido Buchwald.\nWith Hamburger SV Gründel won the DFB-Pokal in 1987 winning 3–1 against Stuttgarter Kickers.",
          "url" : "http://en.wikipedia.org/wiki/Heinz_Gr%C3%BCndel",
          "license" : "https://en.wikipedia.org/wiki/Wikipedia:Text_of_Creative_Commons_Attribution-ShareAlike_3.0_Unported_License"
        }
      },
      "resultScore" : 9.826456
    }, {
      "@type" : "EntitySearchResult",
      "result" : {
        "@id" : "kg:/m/02hg9f0",
        "name" : "Hans-Joachim Fassnacht",
        "@type" : [
          "Thing",
          "Person"
        ],
        "description" : "Olympic athlete",
        "image" : {
          "contentUrl" : "http://t2.gstatic.com/images?q=tbn:ANd9GcQlRBqKIzyN5Sr_yUbKmFQ-e6HqO3B4mZ3s7xp6zOzMcFp79Tld",
          "url" : "http://en.wikipedia.org/wiki/Hans_Fassnacht"
        },
        "detailedDescription" : {
          "articleBody" : "Hans-Joachim Fassnacht is a retired German swimmer. He competed at the 1968 and 1972 Summer Olympics in various freestyle and butterfly events and won a silver medal in the 4×200 m freestyle in 1972. ",
          "url" : "http://en.wikipedia.org/wiki/Hans_Fassnacht",
          "license" : "https://en.wikipedia.org/wiki/Wikipedia:Text_of_Creative_Commons_Attribution-ShareAlike_3.0_Unported_License"
        }
      },
      "resultScore" : 9.536361
    }, {
      "@type" : "EntitySearchResult",
      "result" : {
        "@id" : "kg:/m/02qvl0n",
        "name" : "Pierluigi Cera",
        "@type" : [
          "Person",
          "Thing"
        ],
        "description" : "Soccer player",
        "detailedDescription" : {
          "articleBody" : "Pierluigi Cera is a former Italian footballer who played as a midfielder or as a defender, most notably for Cagliari, and the Italy national football team.",
          "url" : "http://en.wikipedia.org/wiki/Pierluigi_Cera",
          "license" : "https://en.wikipedia.org/wiki/Wikipedia:Text_of_Creative_Commons_Attribution-ShareAlike_3.0_Unported_License"
        }
      },
      "resultScore" : 8.260125
    }, {
      "@type" : "EntitySearchResult",
      "result" : {
        "@id" : "kg:/m/02cwss",
        "name" : "Sepp Maier",
        "@type" : [
          "Thing",
          "Person"
        ],
        "description" : "Goalkeeper",
        "image" : {
          "contentUrl" : "http://t2.gstatic.com/images?q=tbn:ANd9GcTg9Z_1jI5pBcll1CYd9fEXVqt2D9y-XQc40SmwfUW0SLjJGKXM",
          "url" : "http://en.wikipedia.org/wiki/Sepp_Maier",
          "license" : "http://creativecommons.org/licenses/by-sa/3.0/de/deed.en"
        },
        "detailedDescription" : {
          "articleBody" : "Josef Dieter \"Sepp\" Maier is a German former professional football goalkeeper. Regarded as one of Germany's greatest ever goalkeepers, his nickname was \"Die Katze von Anzing\" for his fast reflexes.",
          "url" : "http://en.wikipedia.org/wiki/Sepp_Maier",
          "license" : "https://en.wikipedia.org/wiki/Wikipedia:Text_of_Creative_Commons_Attribution-ShareAlike_3.0_Unported_License"
        },
        "url" : "http://www.seppmaier.de/"
      },
      "resultScore" : 8.142737
    }, {
      "@type" : "EntitySearchResult",
      "result" : {
        "@id" : "kg:/m/0d5y93",
        "name" : "Yasin Özdenak",
        "@type" : [
          "Person",
          "Thing"
        ],
        "description" : "Soccer goalkeeper",
        "detailedDescription" : {
          "articleBody" : "Yasin Özdenak is a former Turkish football goalkeeper and now an active coach. He is currently employed by Hume City FC as the Technical Director of the Club.\n",
          "url" : "http://en.wikipedia.org/wiki/Yasin_%C3%96zdenak",
          "license" : "https://en.wikipedia.org/wiki/Wikipedia:Text_of_Creative_Commons_Attribution-ShareAlike_3.0_Unported_License"
        }
      },
      "resultScore" : 8.086878
    }, {
      "@type" : "EntitySearchResult",
      "result" : {
        "@id" : "kg:/m/05v4ft",
        "name" : "Werner Roth",
        "@type" : [
          "Person",
          "Thing"
        ],
        "description" : "Soccer player",
        "detailedDescription" : {
          "articleBody" : "Werner Roth is a retired American professional football defender.\nMainly associated with the New York Cosmos, he also represented the United States men's national soccer team for three years. He is a member of the National Soccer Hall of Fame.",
          "url" : "http://en.wikipedia.org/wiki/Werner_Roth_(footballer,_born_1948)",
          "license" : "https://en.wikipedia.org/wiki/Wikipedia:Text_of_Creative_Commons_Attribution-ShareAlike_3.0_Unported_License"
        }
      },
      "resultScore" : 7.994739
    }, {
      "@type" : "EntitySearchResult",
      "result" : {
        "@id" : "kg:/m/0czb6y4",
        "name" : "Michel Kitabdjian",
        "@type" : [
          "Person",
          "Thing"
        ],
        "detailedDescription" : {
          "articleBody" : "Michel Kitabdjian is a French former referee. He officiated at the 1975 European Cup Final between Leeds United and Bayern Munich, disallowing a goal by Leeds United's Peter Lorimer for offside and denying Leeds two penalty appeals as Franz Beckenbauer first handled the ball in the box and then brought down Allan Clarke in a tackle. ",
          "url" : "http://en.wikipedia.org/wiki/Michel_Kitabdjian",
          "license" : "https://en.wikipedia.org/wiki/Wikipedia:Text_of_Creative_Commons_Attribution-ShareAlike_3.0_Unported_License"
        }
      },
      "resultScore" : 7.968676
    }, {
      "@type" : "EntitySearchResult",
      "result" : {
        "@id" : "kg:/m/0cm7v62",
        "name" : "Nicolas Jüllich",
        "@type" : [
          "Thing",
          "Person"
        ],
        "description" : "Soccer player",
        "detailedDescription" : {
          "articleBody" : "Nicolas Jüllich is a German footballer who currently plays for SG Sonnenhof Großaspach.",
          "url" : "http://en.wikipedia.org/wiki/Nicolas_J%C3%BCllich",
          "license" : "https://en.wikipedia.org/wiki/Wikipedia:Text_of_Creative_Commons_Attribution-ShareAlike_3.0_Unported_License"
        }
      },
      "resultScore" : 7.471758
    }, {
      "@type" : "EntitySearchResult",
      "result" : {
        "@id" : "kg:/m/0g02gt",
        "name" : "Anton Ondruš",
        "@type" : [
          "Person",
          "Thing"
        ],
        "description" : "Soccer player",
        "detailedDescription" : {
          "articleBody" : "Anton Ondruš is a former Slovak football player and considered one of the best defenders of the seventies.",
          "url" : "http://en.wikipedia.org/wiki/Anton_Ondru%C5%A1",
          "license" : "https://en.wikipedia.org/wiki/Wikipedia:Text_of_Creative_Commons_Attribution-ShareAlike_3.0_Unported_License"
        }
      },
      "resultScore" : 7.443822
    }, {
      "@type" : "EntitySearchResult",
      "result" : {
        "@id" : "kg:/m/03d0qsr",
        "name" : "Gerhard Mayer-Vorfelder",
        "@type" : [
          "Thing",
          "Person"
        ],
        "description" : "Politician",
        "detailedDescription" : {
          "articleBody" : "Gerhard Mayer-Vorfelder, often called \"MV\", was the Vice President of the Union of European Football Associations. Prior to his UEFA career, Mayer-Vorfelder was a politician of the Christian Democratic Union of Germany, and served in the state cabinet of Baden-Württemberg from 1976 to 1998. ",
          "url" : "http://en.wikipedia.org/wiki/Gerhard_Mayer-Vorfelder",
          "license" : "https://en.wikipedia.org/wiki/Wikipedia:Text_of_Creative_Commons_Attribution-ShareAlike_3.0_Unported_License"
        }
      },
      "resultScore" : 7.386635
    }, {
      "@type" : "EntitySearchResult",
      "result" : {
        "@id" : "kg:/m/03c5z2b",
        "name" : "José Francisco Jovel",
        "@type" : [
          "Person",
          "Thing"
        ],
        "description" : "Soccer player",
        "detailedDescription" : {
          "articleBody" : "José Francisco Jovel Cruz is a retired football player from El Salvador who represented his country at the 1982 FIFA World Cup in Spain.\nHis son Carlos Francisco Jovel Navas currently plays for Luís Ángel Firpo.",
          "url" : "http://en.wikipedia.org/wiki/Jos%C3%A9_Francisco_Jovel",
          "license" : "https://en.wikipedia.org/wiki/Wikipedia:Text_of_Creative_Commons_Attribution-ShareAlike_3.0_Unported_License"
        }
      },
      "resultScore" : 7.378051
    }, {
      "@type" : "EntitySearchResult",
      "result" : {
        "@id" : "kg:/m/038091",
        "name" : "Wolfgang Overath",
        "@type" : [
          "Person",
          "Thing"
        ],
        "description" : "Soccer player",
        "image" : {
          "contentUrl" : "http://t1.gstatic.com/images?q=tbn:ANd9GcQ5E5bnaxCv8xT2xBkUy6eM0ciSdH68FlYodTTZFXhJVnGtnTh8",
          "url" : "http://en.wikipedia.org/wiki/Wolfgang_Overath"
        },
        "detailedDescription" : {
          "articleBody" : "Wolfgang Overath is a former West German footballer. A true one-club man, Overath spent his entire professional career at 1. FC Köln. He represented his country three times in World Cup finals, culminating in 1974 with victory on home soil. Primarily a creative playmaker, Overath was known for his passing ability, technique and his left foot.",
          "url" : "http://en.wikipedia.org/wiki/Wolfgang_Overath",
          "license" : "https://en.wikipedia.org/wiki/Wikipedia:Text_of_Creative_Commons_Attribution-ShareAlike_3.0_Unported_License"
        }
      },
      "resultScore" : 7.251358
    }, {
      "@type" : "EntitySearchResult",
      "result" : {
        "@id" : "kg:/m/0g6d9c",
        "name" : "Ditmar Jakobs",
        "@type" : [
          "Thing",
          "Person"
        ],
        "description" : "Soccer player",
        "detailedDescription" : {
          "articleBody" : "Ditmar Jakobs is a former German football player.\nHe was a centre-back, a classical libero in the mold of Franz Beckenbauer or Willi Schulz. ",
          "url" : "http://en.wikipedia.org/wiki/Ditmar_Jakobs",
          "license" : "https://en.wikipedia.org/wiki/Wikipedia:Text_of_Creative_Commons_Attribution-ShareAlike_3.0_Unported_License"
        }
      },
      "resultScore" : 7.145354
    },
    {
      "@type" : "EntitySearchResult",
      "result" : {
        "@id" : "kg:/m/0d9ry_",
        "name" : "Gareth Bale",
        "@type" : [
          "Person",
          "Thing"
        ],
        "description" : "Soccer player",
        "image" : {
          "contentUrl" : "http://t0.gstatic.com/images?q=tbn:ANd9GcS68Qsscjuv_MALgQbtdW04mIR-V-ysQs0ldvQ4Fm9rlQm5GpdS",
          "url" : "https://en.wikipedia.org/wiki/Gareth_Bale",
          "license" : "http://creativecommons.org/licenses/by-sa/3.0"
        },
        "detailedDescription" : {
          "articleBody" : "Gareth Frank Bale is a Welsh professional footballer who plays as a winger for Spanish club Real Madrid and the Wales national team. ",
          "url" : "http://en.wikipedia.org/wiki/Gareth_Bale",
          "license" : "https://en.wikipedia.org/wiki/Wikipedia:Text_of_Creative_Commons_Attribution-ShareAlike_3.0_Unported_License"
        }
      },
      "resultScore" : 230.645493
    }, {
      "@type" : "EntitySearchResult",
      "result" : {
        "@id" : "kg:/g/11b6dzkwk7",
        "name" : "Batuhan Yayikci",
        "@type" : [
          "Thing",
          "Person"
        ]
      },
      "resultScore" : 55.987984
    }, {
      "@type" : "EntitySearchResult",
      "result" : {
        "@id" : "kg:/m/0gtwq1n",
        "name" : "Lehlohonolo Majoro",
        "@type" : [
          "Person",
          "Thing"
        ],
        "description" : "Soccer striker",
        "detailedDescription" : {
          "articleBody" : "Lehlohonolo Majoro is a South African football striker playing in the Premier Soccer League for Orlando Pirates He is one of the most consistent strikers, scoring over 10 goals in three consecutive seasons. ",
          "url" : "http://en.wikipedia.org/wiki/Lehlohonolo_Majoro",
          "license" : "https://en.wikipedia.org/wiki/Wikipedia:Text_of_Creative_Commons_Attribution-ShareAlike_3.0_Unported_License"
        }
      },
      "resultScore" : 7.20222
    }, {
      "@type" : "EntitySearchResult",
      "result" : {
        "@id" : "kg:/m/0y66yfs",
        "name" : "Harry Wilson",
        "@type" : [
          "Person",
          "Thing"
        ],
        "description" : "Soccer player",
        "image" : {
          "contentUrl" : "http://t3.gstatic.com/images?q=tbn:ANd9GcQsmbAwGDRRqsblF0rg_RJvipk0j4gky_1w9xGd8Y7EpG3aVJBj",
          "url" : "http://en.wikipedia.org/wiki/Harry_Wilson_(footballer,_born_1997)",
          "license" : "http://www.gnu.org/copyleft/fdl.html"
        },
        "detailedDescription" : {
          "articleBody" : "Harry Wilson is a Welsh professional footballer who plays as a winger for Premier League club Liverpool. In October 2013 Wilson became the youngest ever player to play for Wales, at the age of 16 years and 207 days, beating a record previously held by Gareth Bale. ",
          "url" : "http://en.wikipedia.org/wiki/Harry_Wilson_(footballer,_born_1997)",
          "license" : "https://en.wikipedia.org/wiki/Wikipedia:Text_of_Creative_Commons_Attribution-ShareAlike_3.0_Unported_License"
        }
      },
      "resultScore" : 6.573092
    }, {
      "@type" : "EntitySearchResult",
      "result" : {
        "@id" : "kg:/m/0_x5lzc",
        "name" : "Álvaro Medrán",
        "@type" : [
          "Person",
          "Thing"
        ],
        "description" : "Soccer player",
        "detailedDescription" : {
          "articleBody" : "Álvaro Medrán Just is a Spanish professional footballer who plays for Getafe CF on loan from Real Madrid as a midfielder.",
          "url" : "http://en.wikipedia.org/wiki/%C3%81lvaro_Medr%C3%A1n",
          "license" : "https://en.wikipedia.org/wiki/Wikipedia:Text_of_Creative_Commons_Attribution-ShareAlike_3.0_Unported_License"
        }
      },
      "resultScore" : 6.117416
    }, {
      "@type" : "EntitySearchResult",
      "result" : {
        "@id" : "kg:/m/0zrsq3t",
        "name" : "Jack Topping",
        "@type" : [
          "Thing",
          "Person"
        ],
        "detailedDescription" : {
          "articleBody" : "Jack Topping is an English chorister who came to public attention during 2013 for his solo vocal performances. Topping comes from Liverpool and is a member of the choir of Liverpool Metropolitan Cathedral. ",
          "url" : "http://en.wikipedia.org/wiki/Jack_Topping",
          "license" : "https://en.wikipedia.org/wiki/Wikipedia:Text_of_Creative_Commons_Attribution-ShareAlike_3.0_Unported_License"
        }
      },
      "resultScore" : 5.970535
    }, {
      "@type" : "EntitySearchResult",
      "result" : {
        "@id" : "kg:/m/0hhqkpb",
        "name" : "George Williams",
        "@type" : [
          "Person",
          "Thing"
        ],
        "description" : "Soccer player",
        "image" : {
          "contentUrl" : "http://t2.gstatic.com/images?q=tbn:ANd9GcQETl1I7WoirKnyWxFTjvS13EJGpdtxCFoX6dvpYyh-7LQTBGGd",
          "url" : "http://en.wikipedia.org/wiki/George_Williams_(footballer,_born_1995)",
          "license" : "http://creativecommons.org/licenses/by-sa/2.0"
        },
        "detailedDescription" : {
          "articleBody" : "George Christopher Williams is a professional footballer who plays for Gillingham on loan from Fulham and the Wales national team.",
          "url" : "http://en.wikipedia.org/wiki/George_Williams_(footballer,_born_1995)",
          "license" : "https://en.wikipedia.org/wiki/Wikipedia:Text_of_Creative_Commons_Attribution-ShareAlike_3.0_Unported_License"
        }
      },
      "resultScore" : 5.832183
    }, {
      "@type" : "EntitySearchResult",
      "result" : {
        "@id" : "kg:/m/03cr2dh",
        "name" : "Chris Pike",
        "@type" : [
          "Person",
          "Thing"
        ],
        "description" : "Soccer player",
        "detailedDescription" : {
          "articleBody" : "Christopher \"Chris\" Pike is a Welsh former professional footballer. His clubs included Fulham, Cardiff City and Gillingham. He made over 250 Football League appearances.",
          "url" : "http://en.wikipedia.org/wiki/Chris_Pike",
          "license" : "https://en.wikipedia.org/wiki/Wikipedia:Text_of_Creative_Commons_Attribution-ShareAlike_3.0_Unported_License"
        }
      },
      "resultScore" : 5.814173
    }, {
      "@type" : "EntitySearchResult",
      "result" : {
        "@id" : "kg:/m/0115k7nd",
        "name" : "Liliane Tannoury",
        "@type" : [
          "Person",
          "Thing"
        ],
        "detailedDescription" : {
          "articleBody" : "Liliane Tannoury is a senior Lebanese TV presenter. She works as a sports anchor for Al Arabiya TV in Dubai.",
          "url" : "http://en.wikipedia.org/wiki/Liliane_Tannoury",
          "license" : "https://en.wikipedia.org/wiki/Wikipedia:Text_of_Creative_Commons_Attribution-ShareAlike_3.0_Unported_License"
        }
      },
      "resultScore" : 5.778413
    }, {
      "@type" : "EntitySearchResult",
      "result" : {
        "@id" : "kg:/m/09k7f1c",
        "name" : "Becky James",
        "@type" : [
          "Thing",
          "Person"
        ],
        "description" : "Olympic athlete",
        "image" : {
          "contentUrl" : "http://t1.gstatic.com/images?q=tbn:ANd9GcT3ZDq3ZFzarK_XvihgWCmDhsIVV9lvLgzRwKah7DlrqS6Bdust",
          "url" : "http://en.wikipedia.org/wiki/Becky_James",
          "license" : "http://creativecommons.org/licenses/by-sa/3.0"
        },
        "detailedDescription" : {
          "articleBody" : "Rebecca Angharad \"Becky\" James is a Welsh professional racing cyclist specialising in track cycling from Abergavenny, Wales. James was the 2013 world sprint and keirin champion.\n",
          "url" : "http://en.wikipedia.org/wiki/Becky_James",
          "license" : "https://en.wikipedia.org/wiki/Wikipedia:Text_of_Creative_Commons_Attribution-ShareAlike_3.0_Unported_License"
        }
      },
      "resultScore" : 5.233134
    }, {
      "@type" : "EntitySearchResult",
      "result" : {
        "@id" : "kg:/m/0hgrfnm",
        "name" : "George Lebese",
        "@type" : [
          "Person",
          "Thing"
        ],
        "description" : "Soccer player",
        "detailedDescription" : {
          "articleBody" : "George Lebese is a South African international footballer who plays professionally for Kaizer Chiefs, as a left winger.",
          "url" : "http://en.wikipedia.org/wiki/George_Lebese",
          "license" : "https://en.wikipedia.org/wiki/Wikipedia:Text_of_Creative_Commons_Attribution-ShareAlike_3.0_Unported_License"
        }
      },
      "resultScore" : 5.176799
    }, {
      "@type" : "EntitySearchResult",
      "result" : {
        "@id" : "kg:/m/08cn01",
        "name" : "Florentino Pérez",
        "@type" : [
          "Thing",
          "Person"
        ],
        "description" : "Businessman",
        "image" : {
          "contentUrl" : "http://t2.gstatic.com/images?q=tbn:ANd9GcSOI75mz6fz7Du7a40XeojtLK8BvaBEF0RtfbwvgZeCIYKdKUft",
          "url" : "https://commons.wikimedia.org/wiki/File:Florentino_Perez.jpg",
          "license" : "http://creativecommons.org/licenses/by/2.0"
        },
        "detailedDescription" : {
          "articleBody" : "Florentino Pérez Rodríguez is a Spanish businessman, civil engineer, former politician, and current president of Real Madrid, as well as Grupo ACS, a civil engineering company. ",
          "url" : "http://en.wikipedia.org/wiki/Florentino_P%C3%A9rez",
          "license" : "https://en.wikipedia.org/wiki/Wikipedia:Text_of_Creative_Commons_Attribution-ShareAlike_3.0_Unported_License"
        },
        "url" : "http://www.florentinoperez.com/"
      },
      "resultScore" : 4.900574
    }, {
      "@type" : "EntitySearchResult",
      "result" : {
        "@id" : "kg:/m/03gtrmg",
        "name" : "Franco Baldini",
        "@type" : [
          "Thing",
          "Person"
        ],
        "description" : "Soccer player",
        "detailedDescription" : {
          "articleBody" : "Franco Baldini is a former Italian footballer and former technical director for English Premier League club Tottenham Hotspur.",
          "url" : "http://en.wikipedia.org/wiki/Franco_Baldini",
          "license" : "https://en.wikipedia.org/wiki/Wikipedia:Text_of_Creative_Commons_Attribution-ShareAlike_3.0_Unported_License"
        }
      },
      "resultScore" : 4.891533
    }, {
      "@type" : "EntitySearchResult",
      "result" : {
        "@id" : "kg:/m/0944_h",
        "name" : "Damien Comolli",
        "@type" : [
          "Person",
          "Thing"
        ],
        "description" : "Soccer player",
        "detailedDescription" : {
          "articleBody" : "Damien Comolli is a former football coach, scout and director of football. He has previously worked with AS Monaco, AS Saint-Étienne, Arsenal, Tottenham Hotspur and Liverpool. He speaks fluent English, Spanish and French.",
          "url" : "http://en.wikipedia.org/wiki/Damien_Comolli",
          "license" : "https://en.wikipedia.org/wiki/Wikipedia:Text_of_Creative_Commons_Attribution-ShareAlike_3.0_Unported_License"
        }
      },
      "resultScore" : 4.777785
    }, {
      "@type" : "EntitySearchResult",
      "result" : {
        "@id" : "kg:/m/06zqv2p",
        "name" : "Mika Chunuonsee",
        "@type" : [
          "Thing",
          "Person"
        ],
        "description" : "Soccer player",
        "detailedDescription" : {
          "articleBody" : "Mika Chunuonsee is a Welsh-Thai footballer who plays as a Defender for Thai Premier League club Bangkok United.",
          "url" : "http://en.wikipedia.org/wiki/Mika_Chunuonsee",
          "license" : "https://en.wikipedia.org/wiki/Wikipedia:Text_of_Creative_Commons_Attribution-ShareAlike_3.0_Unported_License"
        }
      },
      "resultScore" : 4.70918
    }, {
      "@type" : "EntitySearchResult",
      "result" : {
        "@id" : "kg:/m/0wpx23y",
        "name" : "Jürgen Damm",
        "@type" : [
          "Thing",
          "Person"
        ],
        "description" : "Soccer player",
        "image" : {
          "contentUrl" : "http://t2.gstatic.com/images?q=tbn:ANd9GcQ7lUGdKo6vIhTsnxaHYNF91ZKfR03jEX1QBCUox4zeCX0FJ16H",
          "url" : "http://en.wikipedia.org/wiki/J%C3%BCrgen_Damm",
          "license" : "http://creativecommons.org/licenses/by-sa/4.0"
        },
        "detailedDescription" : {
          "articleBody" : "Jürgen Damm Rascón is a Mexican professional footballer who plays as a right winger for Liga MX club Tigres UANL and Mexico national team.\n",
          "url" : "http://en.wikipedia.org/wiki/J%C3%BCrgen_Damm",
          "license" : "https://en.wikipedia.org/wiki/Wikipedia:Text_of_Creative_Commons_Attribution-ShareAlike_3.0_Unported_License"
        }
      },
      "resultScore" : 4.603046
    }, {
      "@type" : "EntitySearchResult",
      "result" : {
        "@id" : "kg:/m/09qtc2",
        "name" : "David Vaughan",
        "@type" : [
          "Person",
          "Thing"
        ],
        "description" : "Soccer player",
        "image" : {
          "contentUrl" : "http://t0.gstatic.com/images?q=tbn:ANd9GcShJwHtePDp7cD631cVILtkoR4e1hag8fCS1UuMCUQr1zsVcwDU",
          "url" : "http://en.wikipedia.org/wiki/David_Vaughan_(footballer)",
          "license" : "http://creativecommons.org/licenses/by/2.0"
        },
        "detailedDescription" : {
          "articleBody" : "David Owen Vaughan /'v???n/ is a Welsh footballer who plays for Championship club Nottingham Forest. He plays as a midfielder.\nVaughan previously played for Crewe Alexandra, where he spent seven years between 2000 and 2007. ",
          "url" : "http://en.wikipedia.org/wiki/David_Vaughan_(footballer)",
          "license" : "https://en.wikipedia.org/wiki/Wikipedia:Text_of_Creative_Commons_Attribution-ShareAlike_3.0_Unported_License"
        }
      },
      "resultScore" : 4.447372
    }, {
      "@type" : "EntitySearchResult",
      "result" : {
        "@id" : "kg:/m/02rcj7j",
        "name" : "Paul Barron",
        "@type" : [
          "Person",
          "Thing"
        ],
        "description" : "Coach",
        "image" : {
          "contentUrl" : "http://t2.gstatic.com/images?q=tbn:ANd9GcRKI8RiwcR7oD50_V_vDqeakEsCWPv_QcNYdqR5uCgzPIDfk5U9",
          "url" : "http://en.wikipedia.org/wiki/Paul_Barron",
          "license" : "http://creativecommons.org/licenses/by-sa/3.0"
        },
        "detailedDescription" : {
          "articleBody" : "Paul George Barron is an English former football goalkeeper. He is currently the head coach for the Las Vegas Mobsters",
          "url" : "http://en.wikipedia.org/wiki/Paul_Barron",
          "license" : "https://en.wikipedia.org/wiki/Wikipedia:Text_of_Creative_Commons_Attribution-ShareAlike_3.0_Unported_License"
        }
      },
      "resultScore" : 4.367349
    }, {
      "@type" : "EntitySearchResult",
      "result" : {
        "@id" : "kg:/m/0vsfkd3",
        "name" : "Duncan Watmore",
        "@type" : [
          "Thing",
          "Person"
        ],
        "description" : "Soccer player",
        "image" : {
          "contentUrl" : "http://t1.gstatic.com/images?q=tbn:ANd9GcSGSUTgSjtwNJazgOVltR6M_giAbe3EYD0mQW7gKZYKhDWHzfix",
          "url" : "http://en.wikipedia.org/wiki/Duncan_Watmore",
          "license" : "http://creativecommons.org/licenses/by-sa/2.0"
        },
        "detailedDescription" : {
          "articleBody" : "Duncan Ian Watmore is an English professional footballer who plays for Sunderland. Watmore has also previously played for Altrincham, Clitheroe and Hibernian.",
          "url" : "http://en.wikipedia.org/wiki/Duncan_Watmore",
          "license" : "https://en.wikipedia.org/wiki/Wikipedia:Text_of_Creative_Commons_Attribution-ShareAlike_3.0_Unported_License"
        }
      },
      "resultScore" : 4.362411
    }, {
      "@type" : "EntitySearchResult",
      "result" : {
        "@id" : "kg:/m/0n_dww5",
        "name" : "Ali Adnan Kadhim",
        "@type" : [
          "Person",
          "Thing"
        ],
        "description" : "Soccer player",
        "image" : {
          "contentUrl" : "http://t1.gstatic.com/images?q=tbn:ANd9GcS1H06gVoR6pFwHV3c79mND8kdrfSiiQJRxwIUFdg5a_QNyUjkB",
          "url" : "http://en.wikipedia.org/wiki/Ali_Adnan_Kadhim",
          "license" : "http://creativecommons.org/licenses/by-sa/4.0"
        },
        "detailedDescription" : {
          "articleBody" : "Ali Adnan Kadhim Nassir Al-Tameemi, is an Iraqi professional footballer who plays as a left back for Italian club Udinese. Ali Adnan also won the 2013 Asian Young Footballer of the Year, and is often referred to as \"Asia's Gareth Bale\"or the \"Iraqi Roberto Carlos\".",
          "url" : "http://en.wikipedia.org/wiki/Ali_Adnan_Kadhim",
          "license" : "https://en.wikipedia.org/wiki/Wikipedia:Text_of_Creative_Commons_Attribution-ShareAlike_3.0_Unported_License"
        }
      },
      "resultScore" : 4.336105
    }
  ]
}
