[{
		"kind" : "plus#person",
		"etag" : "\"4OZ_Kt6ujOh1jaML_U6RM6APqoE/7TRyc6jRKkGc1EzmHEZdBQhvZRk\"",
		"gender" : "male",
		"urls" : [{
				"value" : "http://www.orkut.com/Main#Profile?uid=1627395644441446389",
				"type" : "otherProfile",
				"label" : "diego maradona"
			}, {
				"value" : "http://www.facebook.com/profile.php?id=100003505939080&ref=tn_tnmn",
				"type" : "otherProfile",
				"label" : "http://www.facebook.com/profile.php?id=100003505939080&ref=tn_tnmn"
			}, {
				"value" : "mailto:123xxxdiegoxxx123@gmail.com",
				"type" : "otherProfile",
				"label" : "mailto:123xxxdiegoxxx123@gmail.com"
			}, {
				"value" : "http://www.youtube.com/user/diego123xxx123",
				"type" : "otherProfile",
				"label" : "Diego Maradona"
			}
		],
		"objectType" : "person",
		"id" : "117226472782079088659",
		"displayName" : "Diego Maradona",
		"name" : {
			"familyName" : "Maradona",
			"givenName" : "Diego"
		},
		"relationshipStatus" : "its_complicated",
		"url" : "https://plus.google.com/117226472782079088659",
		"image" : {
			"url" : "https://lh4.googleusercontent.com/-QzO6CxPrDIk/AAAAAAAAAAI/AAAAAAAAAtg/I2QG3A3ha_4/photo.jpg?sz=50",
			"isDefault" : false
		},
		"organizations" : [{
				"name" : "unianhanguera",
				"type" : "school",
				"endDate" : "2012",
				"primary" : false
			}, {
				"name" : "...",
				"title" : "...",
				"type" : "work",
				"primary" : false
			}
		],
		"placesLived" : [{
				"value" : "guarulhos",
				"primary" : true
			}
		],
		"isPlusUser" : true,
		"circledByCount" : 174,
		"verified" : false,
		"cover" : {
			"layout" : "banner",
			"coverPhoto" : {
				"url" : "https://lh3.googleusercontent.com/_ZAe9qd_Dv5nsEWAt5e7dax7WSAvZ_EQhdC0QRJAE8inSFw88wqmMMcGxftby39uh7Qp=s630",
				"height" : 470,
				"width" : 940
			},
			"coverInfo" : {
				"topImageOffset" : -141,
				"leftImageOffset" : 0
			}
		}
	}, {
		"kind" : "plus#person",
		"etag" : "\"4OZ_Kt6ujOh1jaML_U6RM6APqoE/_U0Fki4gwBJZbVESr5V4-60mYZU\"",
		"gender" : "male",
		"objectType" : "person",
		"id" : "110000397362250295392",
		"displayName" : "diego maradona",
		"name" : {
			"familyName" : "maradona",
			"givenName" : "diego"
		},
		"url" : "https://plus.google.com/110000397362250295392",
		"image" : {
			"url" : "https://lh4.googleusercontent.com/-io41sVWJLxk/AAAAAAAAAAI/AAAAAAAACGs/-Wp4g_R977Q/photo.jpg?sz=50",
			"isDefault" : false
		},
		"isPlusUser" : true,
		"circledByCount" : 45,
		"verified" : false
	}, {
		"kind" : "plus#person",
		"etag" : "\"4OZ_Kt6ujOh1jaML_U6RM6APqoE/clUVbQBzov5XdpuoNscUkWCi-Hw\"",
		"gender" : "male",
		"objectType" : "person",
		"id" : "114565257313363675639",
		"displayName" : "Diego Maradona",
		"name" : {
			"familyName" : "Maradona",
			"givenName" : "Diego"
		},
		"url" : "https://plus.google.com/114565257313363675639",
		"image" : {
			"url" : "https://lh6.googleusercontent.com/-iH3y6Z7AQhI/AAAAAAAAAAI/AAAAAAAAAAA/XwdKBx10sBw/photo.jpg?sz=50",
			"isDefault" : false
		},
		"isPlusUser" : true,
		"circledByCount" : 22,
		"verified" : false
	}, {
		"kind" : "plus#person",
		"etag" : "\"4OZ_Kt6ujOh1jaML_U6RM6APqoE/loOpAtJ7XS9ZiDcN7KPjUt9qabU\"",
		"nickname" : "Ramin",
		"birthday" : "0000-04-19",
		"gender" : "male",
		"objectType" : "person",
		"id" : "110202110078596801881",
		"displayName" : "Diego Maradona (Ramin)",
		"name" : {
			"familyName" : "Maradona",
			"givenName" : "Diego"
		},
		"relationshipStatus" : "married",
		"url" : "https://plus.google.com/110202110078596801881",
		"image" : {
			"url" : "https://lh4.googleusercontent.com/-Ru7rL8AgNQY/AAAAAAAAAAI/AAAAAAAAA-w/Uz_DTwNnL0w/photo.jpg?sz=50",
			"isDefault" : true
		},
		"organizations" : [{
				"name" : "Kerman Azad University",
				"title" : "applied chemistry",
				"type" : "school",
				"endDate" : "1998",
				"primary" : false
			}, {
				"name" : "Aryasasol Polymer Co.(ASPC)",
				"title" : "NDT Engineer",
				"type" : "work",
				"primary" : false
			}
		],
		"placesLived" : [{
				"value" : "??",
				"primary" : true
			}
		],
		"isPlusUser" : true,
		"circledByCount" : 14,
		"verified" : false
	}, {
		"kind" : "plus#person",
		"etag" : "\"4OZ_Kt6ujOh1jaML_U6RM6APqoE/k-fQFiT7yy4IDh-cnHW0Xd6lqqI\"",
		"gender" : "male",
		"objectType" : "person",
		"id" : "105221530909125488832",
		"displayName" : "Diego Maradona",
		"name" : {
			"familyName" : "Maradona",
			"givenName" : "Diego"
		},
		"url" : "https://plus.google.com/105221530909125488832",
		"image" : {
			"url" : "https://lh5.googleusercontent.com/-ES5WGu3f8Ac/AAAAAAAAAAI/AAAAAAAAAl8/3d8ilcxWMjU/photo.jpg?sz=50",
			"isDefault" : false
		},
		"isPlusUser" : true,
		"circledByCount" : 46,
		"verified" : false
	},{
		"kind" : "plus#person",
		"etag" : "\"4OZ_Kt6ujOh1jaML_U6RM6APqoE/jqPtGYrU7AtbQFWydbUv0Qvat6I\"",
		"gender" : "male",
		"objectType" : "person",
		"id" : "110461568067776812259",
		"displayName" : "Lionel Messi",
		"name" : {
			"familyName" : "Messi",
			"givenName" : "Lionel"
		},
		"tagline" : "Football at FC Barcelona",
		"url" : "https://plus.google.com/110461568067776812259",
		"image" : {
			"url" : "https://lh3.googleusercontent.com/-2OxcIhRRluA/AAAAAAAAAAI/AAAAAAAADcg/0qBZkhgaqbw/photo.jpg?sz=50",
			"isDefault" : false
		},
		"organizations" : [{
				"name" : "Football",
				"title" : "Footballer",
				"type" : "work",
				"primary" : true
			}
		],
		"placesLived" : [{
				"value" : "Barcelona,Spain",
				"primary" : true
			}, {
				"value" : "Barcelona,Spain"
			}
		],
		"isPlusUser" : true,
		"circledByCount" : 0,
		"verified" : false,
		"cover" : {
			"layout" : "banner",
			"coverPhoto" : {
				"url" : "https://lh3.googleusercontent.com/UUNnVcd7NjAr9IbjWJzYNRXJ78xPbUX6zqoRClo3MKDt7WiMta-_iDmp7AhyV68zKVAa=s630-fcrop64=1,00000c7cfdd8dc9d",
				"height" : 647,
				"width" : 940
			},
			"coverInfo" : {
				"topImageOffset" : 0,
				"leftImageOffset" : 0
			}
		}
	}, {
		"kind" : "plus#person",
		"etag" : "\"4OZ_Kt6ujOh1jaML_U6RM6APqoE/Ix9c72YayltWQn_NWpi9oTatyUI\"",
		"urls" : [{
				"value" : "http://www.leomessi.com",
				"type" : "website",
				"label" : "http://www.leomessi.com"
			}
		],
		"objectType" : "page",
		"id" : "108000335759818964396",
		"displayName" : "Lionel Messi",
		"tagline" : "Jugador del FC Barcelona",
		"aboutMe" : "Hello, I’m Leo Messi. \u003cbr /\u003e  \u003cbr /\u003e No matter the titles, trophies and\nhonors, I will always be the boy who grew up in Rosario, Santa Fé,\nArgentina. It was there that I learned to walk just to be able to chase\na dream. \u003cbr /\u003e  \u003cbr /\u003e And yet, I was told I would never be a footballer.",
		"url" : "https://plus.google.com/108000335759818964396",
		"image" : {
			"url" : "https://lh6.googleusercontent.com/-FcQ5OZ3iDh4/AAAAAAAAAAI/AAAAAAAACLE/_ogaZDcz-iI/photo.jpg?sz=50",
			"isDefault" : false
		},
		"isPlusUser" : true,
		"plusOneCount" : 45982,
		"circledByCount" : 37817,
		"verified" : false
	}, {
		"kind" : "plus#person",
		"etag" : "\"4OZ_Kt6ujOh1jaML_U6RM6APqoE/-ORFJy-i4G9MuNEbePTVf28yVC8\"",
		"occupation" : "student",
		"gender" : "male",
		"urls" : [{
				"value" : "http://wwww.facebook.com",
				"type" : "otherProfile",
				"label" : "facebook"
			}, {
				"value" : "http://wwww.facebook.com",
				"type" : "contributor",
				"label" : "facebook"
			}, {
				"value" : "http://www.youtube.com",
				"type" : "other",
				"label" : "youtube"
			}
		],
		"objectType" : "person",
		"id" : "109313479781929601979",
		"displayName" : "lionel messi",
		"name" : {
			"familyName" : "messi",
			"givenName" : "lionel"
		},
		"tagline" : "football and Xbox360 is my life",
		"braggingRights" : "nothing",
		"aboutMe" : "i am just a man",
		"url" : "https://plus.google.com/109313479781929601979",
		"image" : {
			"url" : "https://lh4.googleusercontent.com/-Pngm_n54M3w/AAAAAAAAAAI/AAAAAAAAADg/Ar_dM_5bD3k/photo.jpg?sz=50",
			"isDefault" : false
		},
		"organizations" : [{
				"name" : "S.K.H Chu Oi Primary school",
				"type" : "school",
				"startDate" : "2006",
				"primary" : true
			}, {
				"name" : "primary school",
				"title" : "student",
				"type" : "work",
				"startDate" : "2006",
				"primary" : true
			}, {
				"name" : "headmistress",
				"title" : "headmistress",
				"type" : "work",
				"startDate" : "2011",
				"endDate" : "2",
				"primary" : false
			}, {
				"name" : "SKH",
				"title" : "Boss",
				"type" : "work",
				"startDate" : "1967",
				"endDate" : "2",
				"primary" : false
			}
		],
		"placesLived" : [{
				"value" : "Camp Nou"
			}, {
				"value" : "Barcalona"
			}, {
				"value" : "Spain"
			}
		],
		"isPlusUser" : true,
		"circledByCount" : 4074,
		"verified" : false
	}, {
		"kind" : "plus#person",
		"etag" : "\"4OZ_Kt6ujOh1jaML_U6RM6APqoE/ou6s86yONzaTfGZ1wI2MDtjfySg\"",
		"gender" : "male",
		"objectType" : "person",
		"id" : "115507347404379493841",
		"displayName" : "Lionel Messi",
		"name" : {
			"familyName" : "Messi",
			"givenName" : "Lionel"
		},
		"url" : "https://plus.google.com/115507347404379493841",
		"image" : {
			"url" : "https://lh3.googleusercontent.com/-GdfBiFWJp2Q/AAAAAAAAAAI/AAAAAAAAAEY/B3jj9aeTcas/photo.jpg?sz=50",
			"isDefault" : false
		},
		"isPlusUser" : true,
		"circledByCount" : 0,
		"verified" : false
	}, {
		"kind" : "plus#person",
		"etag" : "\"4OZ_Kt6ujOh1jaML_U6RM6APqoE/5_gLBDmN9hA_oXZgaG8FGZuZgIM\"",
		"gender" : "male",
		"objectType" : "person",
		"id" : "107541949019481337310",
		"displayName" : "lionel messi",
		"name" : {
			"familyName" : "messi",
			"givenName" : "lionel"
		},
		"url" : "https://plus.google.com/107541949019481337310",
		"image" : {
			"url" : "https://lh6.googleusercontent.com/-WbSBA4PBjxk/AAAAAAAAAAI/AAAAAAAAAKE/919Oc1aY6z4/photo.jpg?sz=50",
			"isDefault" : false
		},
		"organizations" : [{
				"name" : "Smoke Rise Elementary",
				"type" : "school",
				"startDate" : "2009",
				"primary" : true
			}
		],
		"placesLived" : [{
				"value" : "Georgia",
				"primary" : true
			}
		],
		"isPlusUser" : true,
		"circledByCount" : 934,
		"verified" : false
	}, {
		"kind" : "plus#person",
		"etag" : "\"4OZ_Kt6ujOh1jaML_U6RM6APqoE/_mSra4ZuMabEFjYFdvFvz7J4YRU\"",
		"objectType" : "page",
		"id" : "115074809093400833039",
		"displayName" : "Lionel Messi",
		"tagline" : "Official Google+ Profile for Lionel Messi",
		"aboutMe" : "Lionel Andrés Messi is an Argentine footballer who plays in La Liga for FC Barcelona and captains the Argentina national team, mainly as a forward.",
		"url" : "https://plus.google.com/115074809093400833039",
		"image" : {
			"url" : "https://lh5.googleusercontent.com/-jeXllsnbnx4/AAAAAAAAAAI/AAAAAAAAAKY/UO2VlrOKtMw/photo.jpg?sz=50",
			"isDefault" : false
		},
		"isPlusUser" : true,
		"plusOneCount" : 1080,
		"circledByCount" : 973,
		"verified" : false
	}, {
		"kind" : "plus#person",
		"etag" : "\"4OZ_Kt6ujOh1jaML_U6RM6APqoE/5dSAEZePi-nWzYmSBlTNhk0tD08\"",
		"gender" : "male",
		"objectType" : "person",
		"id" : "116635830519016899331",
		"displayName" : "LIONEL MESSI",
		"name" : {
			"familyName" : "MESSI",
			"givenName" : "LIONEL"
		},
		"url" : "https://plus.google.com/116635830519016899331",
		"image" : {
			"url" : "https://lh4.googleusercontent.com/-l_I9uoH8IFM/AAAAAAAAAAI/AAAAAAAAAKY/EWk-ophg2j0/photo.jpg?sz=50",
			"isDefault" : false
		},
		"organizations" : [{
				"name" : "barcelona",
				"type" : "work",
				"primary" : true
			}
		],
		"placesLived" : [{
				"value" : "argentina"
			}
		],
		"isPlusUser" : true,
		"circledByCount" : 898,
		"verified" : false,
		"cover" : {
			"layout" : "banner",
			"coverPhoto" : {
				"url" : "https://lh3.googleusercontent.com/Y3OjXHL6MSI1RO9rqRdRskZXU8LRprwPkRktpfb2wfXYmFmKI9HEg71pg0EnKxwyTYyv=s630",
				"height" : 599,
				"width" : 940
			},
			"coverInfo" : {
				"topImageOffset" : -145,
				"leftImageOffset" : 0
			}
		}
	}, {
		"kind" : "plus#person",
		"etag" : "\"4OZ_Kt6ujOh1jaML_U6RM6APqoE/fzT8BPhAEfuiSalmCKmEFJItKWc\"",
		"occupation" : "Work in messi's heart",
		"skills" : "Being so attractive",
		"gender" : "female",
		"objectType" : "person",
		"id" : "104615145004319175945",
		"displayName" : "lionel messi",
		"name" : {
			"familyName" : "messi",
			"givenName" : "lionel"
		},
		"tagline" : "FCBarcelona my DNA\nNeymar & Messi my lovers",
		"braggingRights" : "Hi I'm marina one of Barcelona fans \nI hate fan boys ,overrated peoples and retards \nLove funny peoples and peoples who have the style",
		"relationshipStatus" : "single",
		"url" : "https://plus.google.com/104615145004319175945",
		"image" : {
			"url" : "https://lh5.googleusercontent.com/-F7KDDKfqgYk/AAAAAAAAAAI/AAAAAAAABCY/_D4zKXWc25o/photo.jpg?sz=50",
			"isDefault" : false
		},
		"organizations" : [{
				"name" : "Neymarzete school",
				"type" : "school",
				"primary" : false
			}, {
				"title" : "Works at messi's heart",
				"type" : "work",
				"primary" : false
			}
		],
		"placesLived" : [{
				"value" : "Qatar",
				"primary" : true
			}
		],
		"isPlusUser" : true,
		"circledByCount" : 445,
		"verified" : false,
		"cover" : {
			"layout" : "banner",
			"coverPhoto" : {
				"url" : "https://lh3.googleusercontent.com/9xGJFaqUyAiJt3ddBO5buLNdTKd7t0Ownh0k8Ut0rJYM6CxdE04iUpgkYtFHpes5NRTH=s630-fcrop64=1,00000000ffff8fff",
				"height" : 940,
				"width" : 940
			},
			"coverInfo" : {
				"topImageOffset" : 0,
				"leftImageOffset" : 0
			}
		}
	},{
		"kind" : "plus#person",
		"etag" : "\"4OZ_Kt6ujOh1jaML_U6RM6APqoE/Pe9ZUr8G1Fcmv6Yl4kl8LLUHwVM\"",
		"gender" : "male",
		"objectType" : "person",
		"id" : "104587261330320820340",
		"displayName" : "MIchel Platini",
		"name" : {
			"familyName" : "Platini",
			"givenName" : "MIchel"
		},
		"url" : "https://plus.google.com/104587261330320820340",
		"image" : {
			"url" : "https://lh3.googleusercontent.com/-PKT1YuCqNhE/AAAAAAAAAAI/AAAAAAAAAD8/BvuzPaZ5Kfs/photo.jpg?sz=50",
			"isDefault" : false
		},
		"isPlusUser" : true,
		"circledByCount" : 17,
		"verified" : false
	}, {
		"kind" : "plus#person",
		"etag" : "\"4OZ_Kt6ujOh1jaML_U6RM6APqoE/3U7SsuLq4bV4KyleVdynMxZ0Z3A\"",
		"gender" : "male",
		"objectType" : "person",
		"id" : "111669105167412619475",
		"displayName" : "michel platini",
		"name" : {
			"familyName" : "platini",
			"givenName" : "michel"
		},
		"url" : "https://plus.google.com/111669105167412619475",
		"image" : {
			"url" : "https://lh4.googleusercontent.com/-LpIfeXymGvw/AAAAAAAAAAI/AAAAAAAAALQ/Ldhl6CnDB_A/photo.jpg?sz=50",
			"isDefault" : false
		},
		"isPlusUser" : true,
		"circledByCount" : 16,
		"verified" : false
	}, {
		"kind" : "plus#person",
		"etag" : "\"4OZ_Kt6ujOh1jaML_U6RM6APqoE/Amzc6bGWeudyG2rk4A4dvUywwb0\"",
		"gender" : "male",
		"urls" : [{
				"value" : "http://www.youtube.com/user/Michelwikes",
				"type" : "otherProfile",
				"label" : "Michel Platini"
			}
		],
		"objectType" : "person",
		"id" : "115051356702209430266",
		"displayName" : "Michel Platini",
		"name" : {
			"familyName" : "Platini",
			"givenName" : "Michel"
		},
		"url" : "https://plus.google.com/115051356702209430266",
		"image" : {
			"url" : "https://lh4.googleusercontent.com/-cvUNoFH79fU/AAAAAAAAAAI/AAAAAAAAABw/eiSYnE0gcck/photo.jpg?sz=50",
			"isDefault" : false
		},
		"isPlusUser" : true,
		"circledByCount" : 22,
		"verified" : false
	}, {
		"kind" : "plus#person",
		"etag" : "\"4OZ_Kt6ujOh1jaML_U6RM6APqoE/hxueZmnLC8uvmB8drb3QlDhuIHw\"",
		"gender" : "male",
		"urls" : [{
				"value" : "http://www.youtube.com/user/ThePlatin10",
				"type" : "otherProfile",
				"label" : "Michel Platini"
			}, {
				"value" : "http://dayongbabykids.blogspot.com/",
				"type" : "contributor",
				"label" : "Dayong "
			}, {
				"value" : "http://platinus.blogspot.com/",
				"type" : "contributor",
				"label" : "platinus.com"
			}
		],
		"objectType" : "person",
		"id" : "106123809425563267640",
		"displayName" : "Michel Platini",
		"name" : {
			"familyName" : "Platini",
			"givenName" : "Michel"
		},
		"url" : "https://plus.google.com/106123809425563267640",
		"image" : {
			"url" : "https://lh3.googleusercontent.com/-XdUIqdMkCWA/AAAAAAAAAAI/AAAAAAAAAAA/4252rscbv5M/photo.jpg?sz=50",
			"isDefault" : true
		},
		"isPlusUser" : true,
		"circledByCount" : 0,
		"verified" : false
	}, {
		"kind" : "plus#person",
		"etag" : "\"4OZ_Kt6ujOh1jaML_U6RM6APqoE/Mxu81ljOPaeQ-WJMv_fJy6RKLbk\"",
		"gender" : "male",
		"objectType" : "person",
		"id" : "106319465838274899857",
		"displayName" : "michel platini",
		"name" : {
			"familyName" : "platini",
			"givenName" : "michel"
		},
		"url" : "https://plus.google.com/106319465838274899857",
		"image" : {
			"url" : "https://lh3.googleusercontent.com/-OvbU62PPuV8/AAAAAAAAAAI/AAAAAAAAALg/jlXYyqLAm3g/photo.jpg?sz=50",
			"isDefault" : true
		},
		"isPlusUser" : true,
		"circledByCount" : 3,
		"verified" : false
	},{
		"kind" : "plus#person",
		"etag" : "\"4OZ_Kt6ujOh1jaML_U6RM6APqoE/Zdh8W7bP7IguIFbaj8jAq0ru38g\"",
		"gender" : "other",
		"objectType" : "person",
		"id" : "117759526953126869390",
		"displayName" : "Franz Beckenbauer",
		"name" : {
			"familyName" : "Beckenbauer",
			"givenName" : "Franz"
		},
		"url" : "https://plus.google.com/117759526953126869390",
		"image" : {
			"url" : "https://lh3.googleusercontent.com/-XdUIqdMkCWA/AAAAAAAAAAI/AAAAAAAAAAA/4252rscbv5M/photo.jpg?sz=50",
			"isDefault" : true
		},
		"organizations" : [{
				"name" : "IchbineinSpast-Schule",
				"type" : "school",
				"endDate" : "1336",
				"primary" : false
			}, {
				"name" : "Pokémon",
				"title" : "Pokemontrainer",
				"type" : "work",
				"startDate" : "1336",
				"endDate" : "1336",
				"primary" : false
			}, {
				"name" : "Professor Eich",
				"title" : "Donutholer",
				"type" : "work",
				"primary" : false
			}
		],
		"placesLived" : [{
				"value" : "ViolaCity",
				"primary" : true
			}
		],
		"isPlusUser" : true,
		"circledByCount" : 0,
		"verified" : false
	}, {
		"kind" : "plus#person",
		"etag" : "\"4OZ_Kt6ujOh1jaML_U6RM6APqoE/DN8a3B1flQP1DCvBhn7jizAJHj4\"",
		"gender" : "male",
		"objectType" : "person",
		"id" : "103563184744912436349",
		"displayName" : "Franz Beckenbauer",
		"name" : {
			"familyName" : "Beckenbauer",
			"givenName" : "Franz"
		},
		"url" : "https://plus.google.com/103563184744912436349",
		"image" : {
			"url" : "https://lh4.googleusercontent.com/-t9azmcxOLo0/AAAAAAAAAAI/AAAAAAAAACA/SwYDNb9refM/photo.jpg?sz=50",
			"isDefault" : false
		},
		"isPlusUser" : true,
		"circledByCount" : 29,
		"verified" : false,
		"cover" : {
			"layout" : "banner",
			"coverPhoto" : {
				"url" : "https://lh3.googleusercontent.com/HHcv-Z9NNKizvBCsnTveMlDZYQwIcEKik8b29n2Th15klDWlfCwp0C3EvdVNpohgmn4=s630-fcrop64=1,000032bffffff397",
				"height" : 705,
				"width" : 940
			},
			"coverInfo" : {
				"topImageOffset" : 0,
				"leftImageOffset" : 0
			}
		}
	}, {
		"kind" : "plus#person",
		"etag" : "\"4OZ_Kt6ujOh1jaML_U6RM6APqoE/mRVZzpkuzvXkg2m-33DQWx-wStc\"",
		"gender" : "male",
		"urls" : [{
				"value" : "http://www.youtube.com/user/1981BECKENBAUER",
				"type" : "otherProfile",
				"label" : "FRANZ BECKENBAUER"
			}
		],
		"objectType" : "person",
		"id" : "104527034027424277602",
		"displayName" : "Franz Beckenbauer",
		"name" : {
			"familyName" : "Beckenbauer",
			"givenName" : "Franz"
		},
		"url" : "https://plus.google.com/104527034027424277602",
		"image" : {
			"url" : "https://lh6.googleusercontent.com/-K_pFERDMiZk/AAAAAAAAAAI/AAAAAAAAABg/6EZQiJBufHk/photo.jpg?sz=50",
			"isDefault" : false
		},
		"isPlusUser" : true,
		"circledByCount" : 5,
		"verified" : false
	}, {
		"kind" : "plus#person",
		"etag" : "\"4OZ_Kt6ujOh1jaML_U6RM6APqoE/a0vMPirvlQecPXtdYrSiMFDtlTs\"",
		"gender" : "male",
		"objectType" : "person",
		"id" : "103119623203203508124",
		"displayName" : "Franz Beckenbauer",
		"name" : {
			"familyName" : "Beckenbauer",
			"givenName" : "Franz"
		},
		"url" : "https://plus.google.com/103119623203203508124",
		"image" : {
			"url" : "https://lh4.googleusercontent.com/-0VotQvTrNJI/AAAAAAAAAAI/AAAAAAAAABw/W-BXo_9N7vc/photo.jpg?sz=50",
			"isDefault" : false
		},
		"isPlusUser" : true,
		"circledByCount" : 0,
		"verified" : false
	}, {
		"kind" : "plus#person",
		"etag" : "\"4OZ_Kt6ujOh1jaML_U6RM6APqoE/JWth9UZYTHM_ohJlXZPVL63JXEU\"",
		"gender" : "male",
		"objectType" : "person",
		"id" : "104662751522857804870",
		"displayName" : "Franz Beckenbauer",
		"name" : {
			"familyName" : "Beckenbauer",
			"givenName" : "Franz"
		},
		"url" : "https://plus.google.com/104662751522857804870",
		"image" : {
			"url" : "https://lh3.googleusercontent.com/-C42VYDl2_XI/AAAAAAAAAAI/AAAAAAAAACI/FQFc6aSuYkw/photo.jpg?sz=50",
			"isDefault" : false
		},
		"isPlusUser" : true,
		"circledByCount" : 1,
		"verified" : false
	},{
		"kind" : "plus#person",
		"etag" : "\"4OZ_Kt6ujOh1jaML_U6RM6APqoE/OUOQgPDRG8Wtggw24fCExwvB5t0\"",
		"urls" : [{
				"value" : "http://www.MADRIDSHARE.com",
				"type" : "website",
				"label" : "www.MADRIDSHARE.com"
			}
		],
		"objectType" : "page",
		"id" : "104320949035643565062",
		"displayName" : "Gareth Bale",
		"tagline" : "Gareth Bale, Real Madrid, Soccer , football",
		"aboutMe" : "Biggest Gareth Bale Fan page in Google+",
		"url" : "https://plus.google.com/104320949035643565062",
		"image" : {
			"url" : "https://lh3.googleusercontent.com/-c1mrblTGJ-M/AAAAAAAAAAI/AAAAAAAAAC8/bYSljcRSIO8/photo.jpg?sz=50",
			"isDefault" : false
		},
		"isPlusUser" : true,
		"plusOneCount" : 5963,
		"circledByCount" : 3554,
		"verified" : false,
		"cover" : {
			"layout" : "banner",
			"coverPhoto" : {
				"url" : "https://lh3.googleusercontent.com/SDSgraH5fZhCxydVsrFu5TB_ZGMo3R-z_KUovlXvNLrW9RwVEDqWXMiQTVQJ8eRq4pKb=s630-fcrop64=1,00000000f102d431",
				"height" : 602,
				"width" : 940
			},
			"coverInfo" : {
				"topImageOffset" : 0,
				"leftImageOffset" : 0
			}
		}
	}, {
		"kind" : "plus#person",
		"etag" : "\"4OZ_Kt6ujOh1jaML_U6RM6APqoE/G2KhoVtOL7YaanpIzP_jRCVlxRQ\"",
		"gender" : "male",
		"objectType" : "person",
		"id" : "113266948518200358070",
		"displayName" : "Gareth Bale",
		"name" : {
			"familyName" : "Bale",
			"givenName" : "Gareth"
		},
		"url" : "https://plus.google.com/113266948518200358070",
		"image" : {
			"url" : "https://lh5.googleusercontent.com/-uZv_q9n1Gd8/AAAAAAAAAAI/AAAAAAAAADY/Uxd9mi0oqiA/photo.jpg?sz=50",
			"isDefault" : false
		},
		"organizations" : [{
				"name" : "University of New South Wales",
				"type" : "school",
				"endDate" : "1995",
				"primary" : false
			}, {
				"name" : "Tottenham Hotspurs",
				"title" : "Football Player",
				"type" : "work",
				"primary" : false
			}
		],
		"placesLived" : [{
				"value" : "London",
				"primary" : true
			}
		],
		"isPlusUser" : true,
		"circledByCount" : 3028,
		"verified" : false
	}, {
		"kind" : "plus#person",
		"etag" : "\"4OZ_Kt6ujOh1jaML_U6RM6APqoE/C3_FxuqFyByMX7qhfZYs969FRQw\"",
		"gender" : "male",
		"objectType" : "person",
		"id" : "100229637312629886216",
		"displayName" : "Gareth Bale",
		"name" : {
			"familyName" : "Bale",
			"givenName" : "Gareth"
		},
		"url" : "https://plus.google.com/100229637312629886216",
		"image" : {
			"url" : "https://lh5.googleusercontent.com/-H469l3WlUvA/AAAAAAAAAAI/AAAAAAAAAH0/IDZjZN6qKjc/photo.jpg?sz=50",
			"isDefault" : false
		},
		"isPlusUser" : true,
		"circledByCount" : 1009,
		"verified" : false
	}, {
		"kind" : "plus#person",
		"etag" : "\"4OZ_Kt6ujOh1jaML_U6RM6APqoE/ZkMCWXQc3Jfvrm3N-pxN7bxvSP0\"",
		"gender" : "male",
		"objectType" : "person",
		"id" : "110139890622406328616",
		"displayName" : "Gareth Bale",
		"name" : {
			"familyName" : "Bale",
			"givenName" : "Gareth"
		},
		"url" : "https://plus.google.com/110139890622406328616",
		"image" : {
			"url" : "https://lh5.googleusercontent.com/-lLasr2vUCr8/AAAAAAAAAAI/AAAAAAAAAB4/3GRW71VQyBc/photo.jpg?sz=50",
			"isDefault" : false
		},
		"isPlusUser" : true,
		"circledByCount" : 1048,
		"verified" : false
	}, {
		"kind" : "plus#person",
		"etag" : "\"4OZ_Kt6ujOh1jaML_U6RM6APqoE/5JQLGkjwDKrOXIh5vyizBxkMtpU\"",
		"gender" : "male",
		"objectType" : "person",
		"id" : "105554117020200313560",
		"displayName" : "gareth bale",
		"name" : {
			"familyName" : "bale",
			"givenName" : "gareth"
		},
		"url" : "https://plus.google.com/105554117020200313560",
		"image" : {
			"url" : "https://lh4.googleusercontent.com/-R8dPJl3x_1Q/AAAAAAAAAAI/AAAAAAAAAC0/jID7Gd57aWM/photo.jpg?sz=50",
			"isDefault" : false
		},
		"organizations" : [{
				"name" : "Whitchurch High School",
				"type" : "school",
				"primary" : false
			}, {
				"name" : "Tottenham Hotspur Football Club",
				"title" : "Centrocampista",
				"type" : "work",
				"primary" : false
			}
		],
		"placesLived" : [{
				"value" : "Cardiff, Gales",
				"primary" : true
			}
		],
		"isPlusUser" : true,
		"circledByCount" : 827,
		"verified" : false,
		"cover" : {
			"layout" : "banner",
			"coverPhoto" : {
				"url" : "https://lh3.googleusercontent.com/blxFyU2m8Jaydr_6xwXDRcZ4pm92TFOggxeXC5u-iNiyh7zDNXIdgxTMikPr1l8w8e0=s630-fcrop64=1,00000adcff82f208",
				"height" : 587,
				"width" : 940
			},
			"coverInfo" : {
				"topImageOffset" : 0,
				"leftImageOffset" : 0
			}
		}
	}
]