{
	"@attributes" : {
		"name" : "response",
		"numFound" : "18089",
		"collapsedDocCount" : "0",
		"start" : "0",
		"rows" : "100",
		"maxScore" : "0",
		"time" : "78"
	},
	"doc" : [{
			"@attributes" : {
				"score" : "5.204",
				"pos" : "0",
				"docId" : "16035"
			},
			"field" : ["http:\/\/crimenc5wxi63f4r.onion\/index.php?\/topic\/121843-viagra\/", ">0000000000"],
			"snippet" : ["<b>Viagra<\/b> - Waren - CRIMENETWORK.BIZ\t\t", {
					"@attributes" : {
						"name" : "fileName"
					}
				}, "... Please re-enable javascript to access full functionality. Crimenetwork TOR Version...CNW Darknet Addresse: http:\/\/crimenc5wxi63f4r.onion...Viagra...Started By BUL123 , Feb 20 2015 07:44 PM...Viagra\t\t"]
		}, {
			"@attributes" : {
				"score" : "4.32",
				"pos" : "1",
				"docId" : "1091661"
			},
			"field" : ["http:\/\/montfortxteeglej.onion\/?product=viagra-powder-99-pure", ">0000000145"],
			"snippet" : ["<b>Viagra<\/b> Powder (99%+ Pure) | Montfort Research Chemicals\t\t", {
					"@attributes" : {
						"name" : "fileName"
					}
				}, "Sildenafil, sold as Viagra and other trade names, is a medication used to treat erectile dysfunction and pulmonary arterial hypertension. This is pure viagra powder, normally pressed as 50 and 100mg...\t\t"]
		}, {
			"@attributes" : {
				"score" : "4.208",
				"pos" : "2",
				"docId" : "1092103"
			},
			"field" : ["http:\/\/eupill3vf6aqsm5f.onion\/product-tag\/viagra\/", ">0000000002"],
			"snippet" : ["<b>viagra<\/b> | Product Tags | Europills - your EU medications vendor\t\t", {
					"@attributes" : {
						"name" : "fileName"
					}
				}, "alpha GPC Armod Armodafinil Artvigil astaxanthin avanafil cialis dapoxetine etizest etizolam fildena jelly kamagra levitra Modafinil Modafresh Modalert Modvigil noopept nootropics pramiracetam...\t\t"]
		}, {
			"@attributes" : {
				"score" : "4.166",
				"pos" : "3",
				"docId" : "741201"
			},
			"field" : ["http:\/\/crimenc5wxi63f4r.onion\/index.php?\/topic\/127148-strafen-bei-viagra-dealen\/", ">0000000000"],
			"snippet" : ["Strafen bei <b>Viagra<\/b> dealen ? - Drogen - CRIMENETWORK.BIZ\t\t", {
					"@attributes" : {
						"name" : "fileName"
					}
				}, "... javascript to access full functionality. Crimenetwork TOR Version...CNW Darknet Addresse: http:\/\/crimenc5wxi63f4r.onion...Strafen bei Viagra dealen ?...Started By VIA-GRA , Mar 16 2015 10:20 AM\t\t"]
		}, {
			"@attributes" : {
				"score" : "3.802",
				"pos" : "4",
				"docId" : "91161"
			},
			"field" : ["http:\/\/germanyhusicaysx.onion\/topic\/114\/lifestyle-medikamente-modafinil-viagra-ephedrin\/", ">0000000000"],
			"snippet" : ["LIFESTYLE MEDIKAMENTE [Modafinil, <b>Viagra<\/b>, Ephedrin..] (Seite 1) - Biete - Marktplatz\t\t", {
					"@attributes" : {
						"name" : "fileName"
					}
				}, "Marktplatz \u00bb\u00a0 Biete \u00bb\u00a0 LIFESTYLE MEDIKAMENTE [Modafinil, Viagra, Ephedrin..]...Seiten 1...Sie m\u00fcssen sich anmelden oder registrieren , um eine Antwort zu verfassen...RSS Thema Feed...Beitr\u00e4ge [ 1 ]...1...\t\t"]
		}, {
			"@attributes" : {
				"score" : "3.388",
				"pos" : "5",
				"docId" : "982721"
			},
			"field" : ["http:\/\/2xscte4bcwthofcs.onion\/en\/product\/purchase-viagra-professional.html", ">0000000004"],
			"snippet" : ["<b>Viagra<\/b> Professional (Sildenafil Citrate) Order now just for 1.6713884 per pill $ 2xscte4bcwthofcs.onion\t\t", {
					"@attributes" : {
						"name" : "fileName"
					}
				}, "Viagra Professional is more powerful medicine than general Viagra. It will give you extra-strength during your sexual intercourse. ...100 mg Viagra Professional...Package...Per Pill...Per Pack...Savings\t\t"]
		}, {
			"@attributes" : {
				"score" : "3.292",
				"pos" : "6",
				"docId" : "983533"
			},
			"field" : ["http:\/\/2xscte4bcwthofcs.onion\/en\/product\/purchase-viagra-super-active.html", ">0000000004"],
			"snippet" : ["<b>Viagra<\/b> Super Active (Sildenafil Citrate) Order now just for 1.171225 per pill $ 2xscte4bcwthofcs.onion\t\t", {
					"@attributes" : {
						"name" : "fileName"
					}
				}, "I am pretty addicted to sex despite my age, so I have tried Viagra, Cialis and other popular medicines before, and I must say that Levitra for me is the best! My order arrived in time and in good...\t\t"]
		}, {
			"@attributes" : {
				"score" : "3.25",
				"pos" : "7",
				"docId" : "45488"
			},
			"field" : ["http:\/\/crimenc5wxi63f4r.onion\/index.php?\/topic\/100971-biete-viagra-sildenafil-100-mg-3-blister-30-st\u00fcck\/", ">0000000000"],
			"snippet" : ["Biete <b>Viagra<\/b> Sildenafil 100 mg 3 Blister = 30 St\u00fcck - Sonstiges - CRIMENETWORK.BIZ\t\t", {
					"@attributes" : {
						"name" : "fileName"
					}
				}, "...ersion...CNW Darknet Addresse: http:\/\/crimenc5wxi63f4r.onion...Biete Viagra Sildenafil 100 mg 3 Blister = 30 St\u00fcck...Started By Silk , Oct 23 2014 07:22 PM...Viagra Sildenafil Potenzmittel cialis Kamagra\t\t"]
		}, {
			"@attributes" : {
				"score" : "3.25",
				"pos" : "8",
				"docId" : "45489"
			},
			"field" : ["http:\/\/crimenc5wxi63f4r.onion\/index.php?\/topic\/100975-biete-3-blister-30-st\u00fcck-viagra-100-mg\/", ">0000000000"],
			"snippet" : ["Biete 3 Blister 30 St\u00fcck <b>Viagra<\/b> 100 mg - Sonstiges - CRIMENETWORK.BIZ\t\t", {
					"@attributes" : {
						"name" : "fileName"
					}
				}, "... Crimenetwork TOR Version...CNW Darknet Addresse: http:\/\/crimenc5wxi63f4r.onion...Biete 3 Blister 30 St\u00fcck Viagra 100 mg...Started By Silk , Oct 23 2014 07:38 PM...Viagra Sildenafil Kamagra cialis\t\t"]
		}, {
			"@attributes" : {
				"score" : "2.572",
				"pos" : "9",
				"docId" : "996043"
			},
			"field" : ["http:\/\/2xscte4bcwthofcs.onion\/en\/product\/purchase-female-viagra.html", ">0000000002"],
			"snippet" : ["Female <b>Viagra<\/b> (Sildenafil Citrate) Order now just for 0.6874384 per pill $ 2xscte4bcwthofcs.onion\t\t", {
					"@attributes" : {
						"name" : "fileName"
					}
				}, "Female Viagra is for boost woman's libido, sexual recall, and sensitivity to stimulation by increasing the required genital blood flow and vaginal compliance resulting in intensified pleasure during...\t\t"]
		}, {
			"@attributes" : {
				"score" : "2.568",
				"pos" : "10",
				"docId" : "983534"
			},
			"field" : ["http:\/\/2xscte4bcwthofcs.onion\/en\/product\/purchase-viagra.html", ">0000000004"],
			"snippet" : ["<b>Viagra<\/b> (Sildenafil Citrate) Order now just for 0.396 per pill $ 2xscte4bcwthofcs.onion\t\t", {
					"@attributes" : {
						"name" : "fileName"
					}
				}, "Viagra should not be used with other treatments that cause erection or nitrates, because they can cause your blood pressure to drop very low. This may cause dizziness, fainting, heart attack, or...\t\t"]
		}, {
			"@attributes" : {
				"score" : "2.567",
				"pos" : "11",
				"docId" : "996341"
			},
			"field" : ["http:\/\/2xscte4bcwthofcs.onion\/en\/product\/purchase-brand-viagra.html", ">0000000002"],
			"snippet" : ["Brand <b>Viagra<\/b> (Sildenafil Citrate) Order now just for 2.69335 per pill $ 2xscte4bcwthofcs.onion\t\t", {
					"@attributes" : {
						"name" : "fileName"
					}
				}, "Brand Viagra is created by PFIZER Company to treat erectile dysfunction (impotence) in men. ...100 mg Brand Viagra...Package...Per Pill...Per Pack...Savings...Order...100mg \u00d7 4 pills...+ Add To Cart...+...\t\t"]
		}, {
			"@attributes" : {
				"score" : "2.495",
				"pos" : "12",
				"docId" : "417010"
			},
			"field" : ["http:\/\/vaulty2wxwm2ukf3.onion\/forum\/index.php?topic=4194.0", ">0000000001"],
			"snippet" : ["gloria <b>viagra<\/b>\t\t", {
					"@attributes" : {
						"name" : "fileName"
					}
				}, {
					"@attributes" : {
						"name" : "content"
					}
				}
			]
		}, {
			"@attributes" : {
				"score" : "2.495",
				"pos" : "13",
				"docId" : "427998"
			},
			"field" : ["http:\/\/vaulty2wxwm2ukf3.onion\/forum\/index.php?topic=991.0", ">0000000001"],
			"snippet" : ["trying <b>viagra<\/b>\t\t", {
					"@attributes" : {
						"name" : "fileName"
					}
				}, {
					"@attributes" : {
						"name" : "content"
					}
				}
			]
		}, {
			"@attributes" : {
				"score" : "2.354",
				"pos" : "14",
				"docId" : "427512"
			},
			"field" : ["http:\/\/vaulty2wxwm2ukf3.onion\/forum\/index.php?topic=989.0", ">0000000001"],
			"snippet" : ["<b>viagra<\/b> professional vs <b>viagra<\/b>\t\t", {
					"@attributes" : {
						"name" : "fileName"
					}
				}, {
					"@attributes" : {
						"name" : "content"
					}
				}
			]
		}, {
			"@attributes" : {
				"score" : "2.315",
				"pos" : "15",
				"docId" : "687124"
			},
			"field" : ["http:\/\/bm26rwk32m7u7rec.onion\/index.php?topic=1423.0", ">0000000002"],
			"snippet" : ["<b>viagra<\/b> over the counter usa\t\t", {
					"@attributes" : {
						"name" : "fileName"
					}
				}, "viagra to combat propecia Propecia (http:\/\/healthcarerxusa.com) minimum dose of propeciacialis covered by insurance Cialis (http:\/\/onlinemedox.com) buy cialis with no prescriptionclomid success round...\t\t"]
		}, {
			"@attributes" : {
				"score" : "2.214",
				"pos" : "16",
				"docId" : "1032297"
			},
			"field" : ["http:\/\/2xscte4bcwthofcs.onion\/en\/active\/sildenafil-citrate.html", ">0000000002"],
			"snippet" : ["Search by ingridient Sildenafil Citrate <b>Viagra<\/b>,<b>Viagra<\/b> Super Active,Kamagra,<b>Viagra<\/b> Professional,Brand <b>Viagra<\/b>,Female <b>Viagra<\/b>,<b>Viagra<\/b> Soft,Eriacta,Kamagra...\t\t", {
					"@attributes" : {
						"name" : "fileName"
					}
				}, "I use Viagra pills, and, sometimes, my wife also, but special, female version. It works very well. We are both satisfied. And in your shop it costs accessible for the money. ...Bill from LA...It was my...\t\t"]
		}, {
			"@attributes" : {
				"score" : "2.08",
				"pos" : "17",
				"docId" : "427995"
			},
			"field" : ["http:\/\/vaulty2wxwm2ukf3.onion\/forum\/index.php?topic=990.0", ">0000000001"],
			"snippet" : ["chicago <b>viagra<\/b>\t\t", {
					"@attributes" : {
						"name" : "fileName"
					}
				}, {
					"@attributes" : {
						"name" : "content"
					}
				}
			]
		}, {
			"@attributes" : {
				"score" : "2.08",
				"pos" : "18",
				"docId" : "417012"
			},
			"field" : ["http:\/\/vaulty2wxwm2ukf3.onion\/forum\/index.php?topic=4205.0", ">0000000001"],
			"snippet" : ["<b>viagra<\/b> 50mg uk\t\t", {
					"@attributes" : {
						"name" : "fileName"
					}
				}, {
					"@attributes" : {
						"name" : "content"
					}
				}
			]
		}, {
			"@attributes" : {
				"score" : "1.942",
				"pos" : "19",
				"docId" : "417017"
			},
			"field" : ["http:\/\/vaulty2wxwm2ukf3.onion\/forum\/index.php?topic=7849.0", ">0000000001"],
			"snippet" : ["<b>viagra<\/b> delivered overnight\t\t", {
					"@attributes" : {
						"name" : "fileName"
					}
				}, {
					"@attributes" : {
						"name" : "content"
					}
				}
			]
		}, {
			"@attributes" : {
				"score" : "1.814",
				"pos" : "20",
				"docId" : "25038"
			},
			"field" : ["http:\/\/2xscte4bcwthofcs.onion\/en\/search-letter\/v.html", ">0000000009"],
			"snippet" : ["Search by letter v, <b>Viagra<\/b>,<b>Viagra<\/b> Super Active,<b>Viagra<\/b> Professional,<b>Viagra<\/b> Soft,Valtrex,Vermox,<b>Viagra<\/b> Caps,Vigora,VPXL,Voltaren,<b>Viagra<\/b>...\t\t", {
					"@attributes" : {
						"name" : "fileName"
					}
				}, "Viagra Professional is more powerful medicine than general Viagra. It will give you extra-strength during your... ...more...Buy Now...per pill...Viagra Soft...Sildenafil Citrate...Viagra Soft is...\t\t"]
		}, {
			"@attributes" : {
				"score" : "1.803",
				"pos" : "21",
				"docId" : "417014"
			},
			"field" : ["http:\/\/vaulty2wxwm2ukf3.onion\/forum\/index.php?topic=4218.0", ">0000000001"],
			"snippet" : ["online <b>viagra<\/b> prescription\t\t", {
					"@attributes" : {
						"name" : "fileName"
					}
				}, {
					"@attributes" : {
						"name" : "content"
					}
				}
			]
		}, {
			"@attributes" : {
				"score" : "1.802",
				"pos" : "22",
				"docId" : "627365"
			},
			"field" : ["http:\/\/qd73mvvc7v7zewwl.onion\/printview.php?t=919&start=0", ">0000000004"],
			"snippet" : ["Zobacz temat - Usually penetration order <b>viagra<\/b> deteriorates synthetic hypo\t\t", {
					"@attributes" : {
						"name" : "fileName"
					}
				}, "Fibroblasts [URL=http:\/\/onlinebuy-levitra.org\/#price-of-levitra-20-mg-nco5ranerted3nkt.onion.city]levitra 20mg[\/URL] transmission: uniquely, worn, defects: typing...\t\t"]
		}, {
			"@attributes" : {
				"score" : "1.796",
				"pos" : "23",
				"docId" : "864523"
			},
			"field" : ["http:\/\/qd73mvvc7v7zewwl.onion\/printview.php?t=924&start=0", ">0000000004"],
			"snippet" : ["Zobacz temat - Avoid paradigm aminophylline, <b>viagra<\/b> canadian pharmacy nurse\t\t", {
					"@attributes" : {
						"name" : "fileName"
					}
				}, "Anonymous - - Temat postu : Avoid paradigm aminophylline, viagra canadian pharmacy nurse...Without [URL=http:\/\/online-flagylbuy.net\/#flagyl-500-mg-nco5ranerted3nkt.onion.city]flagyl[\/URL] hostages...\t\t"]
		}, {
			"@attributes" : {
				"score" : "1.7",
				"pos" : "24",
				"docId" : "1087245"
			},
			"field" : ["http:\/\/escrownzkrtx4dsf.onion\/index.html", ">0000000006"],
			"snippet" : ["Bitcoin for <b>Viagra<\/b> with Reliable BTC Escrow Service\t\t", {
					"@attributes" : {
						"name" : "fileName"
					}
				}, "\u00a0\u00a0\u00a0 secured by BTC escrow Cheap Generic Viagra and Cialis\u00a0 \u00a0 Brand Names Suhagra & Forzest \u00a0\u00a0 Worldwide Shipping via Airmail \u00a0\u00a0...\u00a0 \u00a0 Not related to either the seller or the buyer \u00a0 \u00a0 BTC Esc row is a...\t\t"]
		}, {
			"@attributes" : {
				"score" : "1.698",
				"pos" : "25",
				"docId" : "647359"
			},
			"field" : ["http:\/\/qd73mvvc7v7zewwl.onion\/viewtopic.php?t=919", ">0000000007"],
			"snippet" : ["Cebulka :: Zobacz temat - Usually penetration order <b>viagra<\/b> deteriorates synthetic hypo\t\t", {
					"@attributes" : {
						"name" : "fileName"
					}
				}, "Fibroblasts [URL=http:\/\/onlinebuy-levitra.org\/#price-of-levitra-20-mg-nco5ranerted3nkt.onion.city]levitra 20mg[\/URL] transmission: uniquely, worn, defects: typing...\t\t"]
		}, {
			"@attributes" : {
				"score" : "1.698",
				"pos" : "26",
				"docId" : "950227"
			},
			"field" : ["http:\/\/qd73mvvc7v7zewwl.onion\/viewtopic.php?p=1312", ">0000000006"],
			"snippet" : ["Cebulka :: Zobacz temat - Usually penetration order <b>viagra<\/b> deteriorates synthetic hypo\t\t", {
					"@attributes" : {
						"name" : "fileName"
					}
				}, "Fibroblasts [URL=http:\/\/onlinebuy-levitra.org\/#price-of-levitra-20-mg-nco5ranerted3nkt.onion.city]levitra 20mg[\/URL] transmission: uniquely, worn, defects: typing...\t\t"]
		}, {
			"@attributes" : {
				"score" : "1.697",
				"pos" : "27",
				"docId" : "1080706"
			},
			"field" : ["http:\/\/escrownzkrtx4dsf.onion\/", ">0000000002"],
			"snippet" : ["Bitcoin for <b>Viagra<\/b> with Reliable BTC Escrow Service\t\t", {
					"@attributes" : {
						"name" : "fileName"
					}
				}, "\u00a0\u00a0\u00a0 secured by BTC escrow Cheap Generic Viagra and Cialis\u00a0 \u00a0 Brand Names Suhagra & Forzest \u00a0\u00a0 Worldwide Shipping via Airmail \u00a0\u00a0...\u00a0 \u00a0 Not related to either the seller or the buyer \u00a0 \u00a0 BTC Esc row is a...\t\t"]
		}, {
			"@attributes" : {
				"score" : "1.697",
				"pos" : "28",
				"docId" : "1080717"
			},
			"field" : ["http:\/\/escrownzkrtx4dsf.onion", ">0000000001"],
			"snippet" : ["Bitcoin for <b>Viagra<\/b> with Reliable BTC Escrow Service\t\t", {
					"@attributes" : {
						"name" : "fileName"
					}
				}, "\u00a0\u00a0\u00a0 secured by BTC escrow Cheap Generic Viagra and Cialis\u00a0 \u00a0 Brand Names Suhagra & Forzest \u00a0\u00a0 Worldwide Shipping via Airmail \u00a0\u00a0...\u00a0 \u00a0 Not related to either the seller or the buyer \u00a0 \u00a0 BTC Esc row is a...\t\t"]
		}, {
			"@attributes" : {
				"score" : "1.693",
				"pos" : "29",
				"docId" : "1076221"
			},
			"field" : ["http:\/\/qd73mvvc7v7zewwl.onion\/viewtopic.php?t=921&view=previous", ">0000000005"],
			"snippet" : ["Cebulka :: Zobacz temat - Usually penetration order <b>viagra<\/b> deteriorates synthetic hypo\t\t", {
					"@attributes" : {
						"name" : "fileName"
					}
				}, "Fibroblasts [URL=http:\/\/onlinebuy-levitra.org\/#price-of-levitra-20-mg-nco5ranerted3nkt.onion.city]levitra 20mg[\/URL] transmission: uniquely, worn, defects: typing...\t\t"]
		}, {
			"@attributes" : {
				"score" : "1.693",
				"pos" : "30",
				"docId" : "936109"
			},
			"field" : ["http:\/\/qd73mvvc7v7zewwl.onion\/viewtopic.php?t=918&view=next", ">0000000005"],
			"snippet" : ["Cebulka :: Zobacz temat - Usually penetration order <b>viagra<\/b> deteriorates synthetic hypo\t\t", {
					"@attributes" : {
						"name" : "fileName"
					}
				}, "Fibroblasts [URL=http:\/\/onlinebuy-levitra.org\/#price-of-levitra-20-mg-nco5ranerted3nkt.onion.city]levitra 20mg[\/URL] transmission: uniquely, worn, defects: typing...\t\t"]
		}, {
			"@attributes" : {
				"score" : "1.692",
				"pos" : "31",
				"docId" : "791673"
			},
			"field" : ["http:\/\/qd73mvvc7v7zewwl.onion\/viewtopic.php?t=924", ">0000000006"],
			"snippet" : ["Cebulka :: Zobacz temat - Avoid paradigm aminophylline, <b>viagra<\/b> canadian pharmacy nurse\t\t", {
					"@attributes" : {
						"name" : "fileName"
					}
				}, "Cebulka Strona G\u0142\u00f3wna \u00bb\u00a0 Cebulka \u00bb\u00a0 HydePark \u00bb\u00a0 Avoid paradigm aminophylline, viagra canadian pharmacy nurse...Poprzedni temat \u00ab&raquo Nast\u0119pny temat...Avoid paradigm aminophylline, viagra canadian...\t\t"]
		}, {
			"@attributes" : {
				"score" : "1.692",
				"pos" : "32",
				"docId" : "791625"
			},
			"field" : ["http:\/\/qd73mvvc7v7zewwl.onion\/viewtopic.php?p=1317", ">0000000005"],
			"snippet" : ["Cebulka :: Zobacz temat - Avoid paradigm aminophylline, <b>viagra<\/b> canadian pharmacy nurse\t\t", {
					"@attributes" : {
						"name" : "fileName"
					}
				}, "Cebulka Strona G\u0142\u00f3wna \u00bb\u00a0 Cebulka \u00bb\u00a0 HydePark \u00bb\u00a0 Avoid paradigm aminophylline, viagra canadian pharmacy nurse...Poprzedni temat \u00ab&raquo Nast\u0119pny temat...Avoid paradigm aminophylline, viagra canadian...\t\t"]
		}, {
			"@attributes" : {
				"score" : "1.687",
				"pos" : "33",
				"docId" : "864530"
			},
			"field" : ["http:\/\/qd73mvvc7v7zewwl.onion\/viewtopic.php?t=925&view=previous", ">0000000005"],
			"snippet" : ["Cebulka :: Zobacz temat - Avoid paradigm aminophylline, <b>viagra<\/b> canadian pharmacy nurse\t\t", {
					"@attributes" : {
						"name" : "fileName"
					}
				}, "Wys\u0142any: -\u00a0 \u00a0 Avoid paradigm aminophylline, viagra canadian pharmacy nurse...[ Cytuj ]...Without [URL=http:\/\/online-flagylbuy.net\/#flagyl-500-mg-nco5ranerted3nkt.onion.city]flagyl[\/URL] hostages...\t\t"]
		}, {
			"@attributes" : {
				"score" : "1.687",
				"pos" : "34",
				"docId" : "856119"
			},
			"field" : ["http:\/\/qd73mvvc7v7zewwl.onion\/viewtopic.php?t=923&view=next", ">0000000005"],
			"snippet" : ["Cebulka :: Zobacz temat - Avoid paradigm aminophylline, <b>viagra<\/b> canadian pharmacy nurse\t\t", {
					"@attributes" : {
						"name" : "fileName"
					}
				}, "Wys\u0142any: -\u00a0 \u00a0 Avoid paradigm aminophylline, viagra canadian pharmacy nurse...[ Cytuj ]...Without [URL=http:\/\/online-flagylbuy.net\/#flagyl-500-mg-nco5ranerted3nkt.onion.city]flagyl[\/URL] hostages...\t\t"]
		}, {
			"@attributes" : {
				"score" : "1.665",
				"pos" : "35",
				"docId" : "417005"
			},
			"field" : ["http:\/\/vaulty2wxwm2ukf3.onion\/forum\/index.php?topic=3110.0", ">0000000001"],
			"snippet" : ["generic <b>viagra<\/b> from canada\t\t", {
					"@attributes" : {
						"name" : "fileName"
					}
				}, {
					"@attributes" : {
						"name" : "content"
					}
				}
			]
		}, {
			"@attributes" : {
				"score" : "1.581",
				"pos" : "36",
				"docId" : "821728"
			},
			"field" : ["http:\/\/hansamkt3iph6sbb.onion\/listing\/64\/", ">0000000006"],
			"snippet" : ["4x Generic <b>Viagra<\/b> High Purity & Strong Sildenafil #Promotion# :: HANSA Market\t\t", {
					"@attributes" : {
						"name" : "fileName"
					}
				}, "4x Generic Viagra High Purity & Strong Sildenafil #Promotion#...4x Generic Viagra High Purity & Strong Sildenafil #Promotion#...USD 11.20 0.0482...Only 5 in stock!...Shipping options [Germany] Post...\t\t"]
		}, {
			"@attributes" : {
				"score" : "1.559",
				"pos" : "37",
				"docId" : "154759"
			},
			"field" : ["http:\/\/2c5whdbcb6m2c2xx.onion\/search\/viagra", ">0000000004"],
			"snippet" : ["Buy anabolic injectable steroids, anabolics for sale online \t\t", {
					"@attributes" : {
						"name" : "fileName"
					}
				}, "Buy Delgra-100 [Generic Viagra] (Sildenafil citrate) - Delta Enterprises (India)...Add to cart:...30 Tabs x 100mg Total 3000mg...$ 120...Buy Kamagra Jelly [Generic Viagra] - Ajanta House (India)...7...\t\t"]
		}, {
			"@attributes" : {
				"score" : "1.554",
				"pos" : "38",
				"docId" : "875951"
			},
			"field" : ["http:\/\/do7dt6vuskgrz3sa.onion\/search\/viagra", ">0000000002"],
			"snippet" : ["Buy anabolic injectable steroids, anabolics for sale online \t\t", {
					"@attributes" : {
						"name" : "fileName"
					}
				}, "Delgra-100 [Generic Viagra] (Sildenafil citrate) Delta Enterprises (India) 30 Tabs x 100mg Total 3000mg\u00a0\u00a0-\u00a0\u00a0 120...Pregnyl (HCG) Organon (Greece) 3 X 5000 IU in amp & 3 X 1ml amp of water solution\u00a0\u00a0-\u00a0\u00a0...\t\t"]
		}, {
			"@attributes" : {
				"score" : "1.484",
				"pos" : "39",
				"docId" : "1022652"
			},
			"field" : ["http:\/\/z34ujfqoowhemhlr.onion\/viewtopic.php?pid=80859", ">0000000001"],
			"snippet" : ["<b>viagra<\/b> 25mg cost 94 mg (Page 1) \/ Off Topic \/ Nucleus community forums\t\t", {
					"@attributes" : {
						"name" : "fileName"
					}
				}, "free viagra samples very good website. ...http:\/\/viagra-freetrial.com...Offline...Pages: 1...Index...\u00bb\u00a0 Off Topic...\u00bb\u00a0 viagra 25mg cost 94 mg...Board footer...Jump to Informations, News & Announcements\t\t"]
		}, {
			"@attributes" : {
				"score" : "1.484",
				"pos" : "40",
				"docId" : "1015841"
			},
			"field" : ["http:\/\/z34ujfqoowhemhlr.onion\/viewtopic.php?id=7390", ">0000000000"],
			"snippet" : ["<b>viagra<\/b> 25mg cost 94 mg (Page 1) \/ Off Topic \/ Nucleus community forums\t\t", {
					"@attributes" : {
						"name" : "fileName"
					}
				}, "free viagra samples very good website. ...http:\/\/viagra-freetrial.com...Offline...Pages: 1...Index...\u00bb\u00a0 Off Topic...\u00bb\u00a0 viagra 25mg cost 94 mg...Board footer...Jump to Informations, News & Announcements\t\t"]
		}, {
			"@attributes" : {
				"score" : "1.45",
				"pos" : "41",
				"docId" : "1080983"
			},
			"field" : ["http:\/\/k4btcoezc5tlxyaf.onion\/", ">0000000164"],
			"snippet" : ["Kamagra For Bitcoin - Same quality as original <b>viagra<\/b> pills, cheap prices, Bitcoin payment\t\t", {
					"@attributes" : {
						"name" : "fileName"
					}
				}, "Kamagra Effervescent Generic Viagra\u2122 Tablets are used in the treatment of erectile dysfunction and contain 100mg of the active ingredient sildenafil citrate. Simply drop one of the tablets in a small...\t\t"]
		}, {
			"@attributes" : {
				"score" : "1.415",
				"pos" : "42",
				"docId" : "595754"
			},
			"field" : ["http:\/\/2c5whdbcb6m2c2xx.onion\/pt\/search\/viagra", ">0000000008"],
			"snippet" : ["Buy anabolic injectable steroids, anabolics for sale online \t\t", {
					"@attributes" : {
						"name" : "fileName"
					}
				}, "Buy Delgra-100 [Generic Viagra] (Sildenafil citrate) - Delta Enterprises (India)...Add to cart:...30 Tabs x 100mg Total 3000mg...$ 120...Buy Kamagra Jelly [Generic Viagra] - Ajanta House (India)...7...\t\t"]
		}, {
			"@attributes" : {
				"score" : "1.415",
				"pos" : "43",
				"docId" : "595753"
			},
			"field" : ["http:\/\/2c5whdbcb6m2c2xx.onion\/fr\/search\/viagra", ">0000000008"],
			"snippet" : ["Buy anabolic injectable steroids, anabolics for sale online \t\t", {
					"@attributes" : {
						"name" : "fileName"
					}
				}, "Buy Delgra-100 [Generic Viagra] (Sildenafil citrate) - Delta Enterprises (India)...Add to cart:...30 Tabs x 100mg Total 3000mg...$ 120...Buy Kamagra Jelly [Generic Viagra] - Ajanta House (India)...7...\t\t"]
		}, {
			"@attributes" : {
				"score" : "1.414",
				"pos" : "44",
				"docId" : "595892"
			},
			"field" : ["http:\/\/2c5whdbcb6m2c2xx.onion\/de\/search\/viagra", ">0000000007"],
			"snippet" : ["Buy anabolic injectable steroids, anabolics for sale online \t\t", {
					"@attributes" : {
						"name" : "fileName"
					}
				}, "Buy Delgra-100 [Generic Viagra] (Sildenafil citrate) - Delta Enterprises (India)...Add to cart:...30 Tabs x 100mg Total 3000mg...$ 120...Buy Kamagra Jelly [Generic Viagra] - Ajanta House (India)...7...\t\t"]
		}, {
			"@attributes" : {
				"score" : "1.413",
				"pos" : "45",
				"docId" : "507471"
			},
			"field" : ["http:\/\/2c5whdbcb6m2c2xx.onion\/it\/search\/viagra", ">0000000005"],
			"snippet" : ["Buy anabolic injectable steroids, anabolics for sale online \t\t", {
					"@attributes" : {
						"name" : "fileName"
					}
				}, "Buy Delgra-100 [Generic Viagra] (Sildenafil citrate) - Delta Enterprises (India)...Add to cart:...30 Tabs x 100mg Total 3000mg...$ 120...Buy Kamagra Jelly [Generic Viagra] - Ajanta House (India)...7...\t\t"]
		}, {
			"@attributes" : {
				"score" : "1.412",
				"pos" : "46",
				"docId" : "179986"
			},
			"field" : ["http:\/\/2c5whdbcb6m2c2xx.onion\/es\/search\/viagra", ">0000000004"],
			"snippet" : ["Buy anabolic injectable steroids, anabolics for sale online \t\t", {
					"@attributes" : {
						"name" : "fileName"
					}
				}, "Buy Delgra-100 [Generic Viagra] (Sildenafil citrate) - Delta Enterprises (India)...Add to cart:...30 Tabs x 100mg Total 3000mg...$ 120...Buy Kamagra Jelly [Generic Viagra] - Ajanta House (India)...7...\t\t"]
		}, {
			"@attributes" : {
				"score" : "1.412",
				"pos" : "47",
				"docId" : "595752"
			},
			"field" : ["http:\/\/2c5whdbcb6m2c2xx.onion\/en\/search\/viagra", ">0000000003"],
			"snippet" : ["Buy anabolic injectable steroids, anabolics for sale online \t\t", {
					"@attributes" : {
						"name" : "fileName"
					}
				}, "Buy Delgra-100 [Generic Viagra] (Sildenafil citrate) - Delta Enterprises (India)...Add to cart:...30 Tabs x 100mg Total 3000mg...$ 120...Buy Kamagra Jelly [Generic Viagra] - Ajanta House (India)...7...\t\t"]
		}, {
			"@attributes" : {
				"score" : "1.411",
				"pos" : "48",
				"docId" : "77627"
			},
			"field" : ["http:\/\/k4btcjyd3gkvocuh.onion\/", ">0000000095"],
			"snippet" : ["Kamagra For Bitcoin - Same quality as original <b>viagra<\/b> pills, cheap prices, Bitcoin payment\t\t", {
					"@attributes" : {
						"name" : "fileName"
					}
				}, "Kamagra Effervescent Generic Viagra\u2122 Tablets are used in the treatment of erectile dysfunction and contain 100mg of the active ingredient sildenafil citrate. Simply drop one of the tablets in a small...\t\t"]
		}, {
			"@attributes" : {
				"score" : "1.407",
				"pos" : "49",
				"docId" : "875958"
			},
			"field" : ["http:\/\/do7dt6vuskgrz3sa.onion\/de\/search\/viagra", ">0000000001"],
			"snippet" : ["Buy anabolic injectable steroids, anabolics for sale online \t\t", {
					"@attributes" : {
						"name" : "fileName"
					}
				}, "Delgra-100 [Generic Viagra] (Sildenafil citrate) Delta Enterprises (India) 30 Tabs x 100mg Total 3000mg\u00a0\u00a0-\u00a0\u00a0 120...Pregnyl (HCG) Organon (Greece) 3 X 5000 IU in amp & 3 X 1ml amp of water solution\u00a0\u00a0-\u00a0\u00a0...\t\t"]
		}, {
			"@attributes" : {
				"score" : "1.407",
				"pos" : "50",
				"docId" : "875959"
			},
			"field" : ["http:\/\/do7dt6vuskgrz3sa.onion\/es\/search\/viagra", ">0000000001"],
			"snippet" : ["Buy anabolic injectable steroids, anabolics for sale online \t\t", {
					"@attributes" : {
						"name" : "fileName"
					}
				}, "Delgra-100 [Generic Viagra] (Sildenafil citrate) Delta Enterprises (India) 30 Tabs x 100mg Total 3000mg\u00a0\u00a0-\u00a0\u00a0 120...Pregnyl (HCG) Organon (Greece) 3 X 5000 IU in amp & 3 X 1ml amp of water solution\u00a0\u00a0-\u00a0\u00a0...\t\t"]
		}, {
			"@attributes" : {
				"score" : "1.407",
				"pos" : "51",
				"docId" : "875965"
			},
			"field" : ["http:\/\/do7dt6vuskgrz3sa.onion\/search\/viagra?mobi=0", ">0000000001"],
			"snippet" : ["Buy anabolic injectable steroids, anabolics for sale online \t\t", {
					"@attributes" : {
						"name" : "fileName"
					}
				}, "Delgra-100 [Generic Viagra] (Sildenafil citrate) Delta Enterprises (India) 30 Tabs x 100mg Total 3000mg\u00a0\u00a0-\u00a0\u00a0 120...Pregnyl (HCG) Organon (Greece) 3 X 5000 IU in amp & 3 X 1ml amp of water solution\u00a0\u00a0-\u00a0\u00a0...\t\t"]
		}, {
			"@attributes" : {
				"score" : "1.407",
				"pos" : "52",
				"docId" : "875960"
			},
			"field" : ["http:\/\/do7dt6vuskgrz3sa.onion\/fr\/search\/viagra", ">0000000001"],
			"snippet" : ["Buy anabolic injectable steroids, anabolics for sale online \t\t", {
					"@attributes" : {
						"name" : "fileName"
					}
				}, "Delgra-100 [Generic Viagra] (Sildenafil citrate) Delta Enterprises (India) 30 Tabs x 100mg Total 3000mg\u00a0\u00a0-\u00a0\u00a0 120...Pregnyl (HCG) Organon (Greece) 3 X 5000 IU in amp & 3 X 1ml amp of water solution\u00a0\u00a0-\u00a0\u00a0...\t\t"]
		}, {
			"@attributes" : {
				"score" : "1.407",
				"pos" : "53",
				"docId" : "875961"
			},
			"field" : ["http:\/\/do7dt6vuskgrz3sa.onion\/it\/search\/viagra", ">0000000001"],
			"snippet" : ["Buy anabolic injectable steroids, anabolics for sale online \t\t", {
					"@attributes" : {
						"name" : "fileName"
					}
				}, "Delgra-100 [Generic Viagra] (Sildenafil citrate) Delta Enterprises (India) 30 Tabs x 100mg Total 3000mg\u00a0\u00a0-\u00a0\u00a0 120...Pregnyl (HCG) Organon (Greece) 3 X 5000 IU in amp & 3 X 1ml amp of water solution\u00a0\u00a0-\u00a0\u00a0...\t\t"]
		}, {
			"@attributes" : {
				"score" : "1.407",
				"pos" : "54",
				"docId" : "875962"
			},
			"field" : ["http:\/\/do7dt6vuskgrz3sa.onion\/pt\/search\/viagra", ">0000000001"],
			"snippet" : ["Buy anabolic injectable steroids, anabolics for sale online \t\t", {
					"@attributes" : {
						"name" : "fileName"
					}
				}, "Delgra-100 [Generic Viagra] (Sildenafil citrate) Delta Enterprises (India) 30 Tabs x 100mg Total 3000mg\u00a0\u00a0-\u00a0\u00a0 120...Pregnyl (HCG) Organon (Greece) 3 X 5000 IU in amp & 3 X 1ml amp of water solution\u00a0\u00a0-\u00a0\u00a0...\t\t"]
		}, {
			"@attributes" : {
				"score" : "1.397",
				"pos" : "55",
				"docId" : "333652"
			},
			"field" : ["http:\/\/googolplexc324wu.onion\/site\/79", ">0000000011"],
			"snippet" : ["OSP googolplexc324wu.onion - Drugstore. Pills, tablets. Oxycodone, adderall, morphine, valium, <b>viagra<\/b> and other\t\t", {
					"@attributes" : {
						"name" : "fileName"
					}
				}, "... Off Sign In Email USENET Readme Home...Home \u00a0\u00a0 \u00a0\u00a0 Drugs \u00a0\u00a0 \u00a0\u00a0 Marketplace...US Pharmacy Drugstore. ...Pills, tablets. Oxycodone, adderall, morphine, valium, viagra and other medication. ...Views:\u00a04487\t\t"]
		}, {
			"@attributes" : {
				"score" : "1.397",
				"pos" : "56",
				"docId" : "319699"
			},
			"field" : ["http:\/\/googojjjxpclkepr.onion\/site\/79", ">0000000011"],
			"snippet" : ["OSP googojjjxpclkepr.onion - Drugstore. Pills, tablets. Oxycodone, adderall, morphine, valium, <b>viagra<\/b> and other\t\t", {
					"@attributes" : {
						"name" : "fileName"
					}
				}, "... Off Sign In Email USENET Readme Home...Home \u00a0\u00a0 \u00a0\u00a0 Drugs \u00a0\u00a0 \u00a0\u00a0 Marketplace...US Pharmacy Drugstore. ...Pills, tablets. Oxycodone, adderall, morphine, valium, viagra and other medication. ...Views:\u00a04280\t\t"]
		}, {
			"@attributes" : {
				"score" : "1.395",
				"pos" : "57",
				"docId" : "1065944"
			},
			"field" : ["http:\/\/qd73mvvc7v7zewwl.onion\/printview.php?t=930&start=0", ">0000000004"],
			"snippet" : ["Zobacz temat - These generic <b>viagra<\/b> canada earlier, groups, alba altering d\t\t", {
					"@attributes" : {
						"name" : "fileName"
					}
				}, "Caution [URL=http:\/\/online-20mglevitra.org\/#levitra-20-mg-nco5ranerted3nkt.onion.city]generic levitra[\/URL] diverticula phenomenon, available, irradiation, opiate-sparing...\t\t"]
		}, {
			"@attributes" : {
				"score" : "1.389",
				"pos" : "58",
				"docId" : "791687"
			},
			"field" : ["http:\/\/qd73mvvc7v7zewwl.onion\/viewtopic.php?t=930", ">0000000009"],
			"snippet" : ["Cebulka :: Zobacz temat - These generic <b>viagra<\/b> canada earlier, groups, alba altering d\t\t", {
					"@attributes" : {
						"name" : "fileName"
					}
				}, "Caution [URL=http:\/\/online-20mglevitra.org\/#levitra-20-mg-nco5ranerted3nkt.onion.city]generic levitra[\/URL] diverticula phenomenon, available, irradiation, opiate-sparing...\t\t"]
		}, {
			"@attributes" : {
				"score" : "1.388",
				"pos" : "59",
				"docId" : "791637"
			},
			"field" : ["http:\/\/qd73mvvc7v7zewwl.onion\/viewtopic.php?p=1323", ">0000000008"],
			"snippet" : ["Cebulka :: Zobacz temat - These generic <b>viagra<\/b> canada earlier, groups, alba altering d\t\t", {
					"@attributes" : {
						"name" : "fileName"
					}
				}, "Caution [URL=http:\/\/online-20mglevitra.org\/#levitra-20-mg-nco5ranerted3nkt.onion.city]generic levitra[\/URL] diverticula phenomenon, available, irradiation, opiate-sparing...\t\t"]
		}, {
			"@attributes" : {
				"score" : "1.388",
				"pos" : "60",
				"docId" : "417018"
			},
			"field" : ["http:\/\/vaulty2wxwm2ukf3.onion\/forum\/index.php?topic=988.0", ">0000000001"],
			"snippet" : ["what is better cialis or <b>viagra<\/b>\t\t", {
					"@attributes" : {
						"name" : "fileName"
					}
				}, {
					"@attributes" : {
						"name" : "content"
					}
				}
			]
		}, {
			"@attributes" : {
				"score" : "1.388",
				"pos" : "61",
				"docId" : "417007"
			},
			"field" : ["http:\/\/vaulty2wxwm2ukf3.onion\/forum\/index.php?topic=3130.0", ">0000000001"],
			"snippet" : ["what is the generic for <b>viagra<\/b>\t\t", {
					"@attributes" : {
						"name" : "fileName"
					}
				}, {
					"@attributes" : {
						"name" : "content"
					}
				}
			]
		}, {
			"@attributes" : {
				"score" : "1.388",
				"pos" : "62",
				"docId" : "882301"
			},
			"field" : ["http:\/\/qd73mvvc7v7zewwl.onion\/viewtopic.php?p=1300", ">0000000005"],
			"snippet" : ["Cebulka :: Zobacz temat - In difference enjoy burst, cheapest <b>viagra<\/b> 100mg thread cial\t\t", {
					"@attributes" : {
						"name" : "fileName"
					}
				}, "A [URL=http:\/\/cialis-purchase-online.com\/#cheapcialis.com-nco5ranerted3nkt.onion.city]generic cialis online[\/URL] irregular; cheapcialis.com transversely approached valves cialis pills purines cialis...\t\t"]
		}, {
			"@attributes" : {
				"score" : "1.388",
				"pos" : "63",
				"docId" : "950228"
			},
			"field" : ["http:\/\/qd73mvvc7v7zewwl.onion\/viewtopic.php?t=908", ">0000000005"],
			"snippet" : ["Cebulka :: Zobacz temat - In difference enjoy burst, cheapest <b>viagra<\/b> 100mg thread cial\t\t", {
					"@attributes" : {
						"name" : "fileName"
					}
				}, "A [URL=http:\/\/cialis-purchase-online.com\/#cheapcialis.com-nco5ranerted3nkt.onion.city]generic cialis online[\/URL] irregular; cheapcialis.com transversely approached valves cialis pills purines cialis...\t\t"]
		}, {
			"@attributes" : {
				"score" : "1.387",
				"pos" : "64",
				"docId" : "1015625"
			},
			"field" : ["http:\/\/qd73mvvc7v7zewwl.onion\/printview.php?t=880&start=0", ">0000000004"],
			"snippet" : ["Zobacz temat - Open generic <b>viagra<\/b> lowest price chlorambucil cost of propec\t\t", {
					"@attributes" : {
						"name" : "fileName"
					}
				}, "After [URL=http:\/\/buy-zithromaxonline.org\/#buy-zithromax-online-nco5ranerted3nkt.onion.city]zithromax antibiotic[\/URL] medulla, evident metastasize; divorced splattered...\t\t"]
		}, {
			"@attributes" : {
				"score" : "1.384",
				"pos" : "65",
				"docId" : "899153"
			},
			"field" : ["http:\/\/www.qd73mpxdlry62okc.onion\/viewtopic.php?p=1323", ">0000000001"],
			"snippet" : ["Cebulka :: Zobacz temat - These generic <b>viagra<\/b> canada earlier, groups, alba altering d\t\t", {
					"@attributes" : {
						"name" : "fileName"
					}
				}, "Caution [URL=http:\/\/online-20mglevitra.org\/#levitra-20-mg-nco5rodtsha5tm6n.onion.city]generic levitra[\/URL] diverticula phenomenon, available, irradiation, opiate-sparing...\t\t"]
		}, {
			"@attributes" : {
				"score" : "1.384",
				"pos" : "66",
				"docId" : "286253"
			},
			"field" : ["http:\/\/qd73mvvc7v7zewwl.onion\/viewtopic.php?t=906&view=next", ">0000000005"],
			"snippet" : ["Cebulka :: Zobacz temat - In difference enjoy burst, cheapest <b>viagra<\/b> 100mg thread cial\t\t", {
					"@attributes" : {
						"name" : "fileName"
					}
				}, "A [URL=http:\/\/cialis-purchase-online.com\/#cheapcialis.com-nco5ranerted3nkt.onion.city]generic cialis online[\/URL] irregular; cheapcialis.com transversely approached valves cialis pills purines cialis...\t\t"]
		}, {
			"@attributes" : {
				"score" : "1.383",
				"pos" : "67",
				"docId" : "614247"
			},
			"field" : ["http:\/\/qd73mvvc7v7zewwl.onion\/viewtopic.php?t=909&view=previous", ">0000000004"],
			"snippet" : ["Cebulka :: Zobacz temat - In difference enjoy burst, cheapest <b>viagra<\/b> 100mg thread cial\t\t", {
					"@attributes" : {
						"name" : "fileName"
					}
				}, "A [URL=http:\/\/cialis-purchase-online.com\/#cheapcialis.com-nco5ranerted3nkt.onion.city]generic cialis online[\/URL] irregular; cheapcialis.com transversely approached valves cialis pills purines cialis...\t\t"]
		}, {
			"@attributes" : {
				"score" : "1.367",
				"pos" : "68",
				"docId" : "484715"
			},
			"field" : ["http:\/\/tkmlejimlt72jnkm.onion\/index.php\/item\/9bb96c62ac463fa6", ">0000000001"],
			"snippet" : ["15x Revatio \u00e1 20mg Sildenafil - wie <b>Viagra<\/b> von Pfizer | Anarchia Market\t\t", {
					"@attributes" : {
						"name" : "fileName"
					}
				}, "Dabei handelt es sich um den gleichen Wirkstoff wie im original Viagra. Die Revatio-Tabletten sind ebenfalls original von Pfizer. Nur f\u00fcr eine andere Erkrankung als die erektile Dysfunktion und...\t\t"]
		}, {
			"@attributes" : {
				"score" : "1.366",
				"pos" : "69",
				"docId" : "1080980"
			},
			"field" : ["http:\/\/k4btcoezc5tlxyaf.onion\/info2.php", ">0000000007"],
			"snippet" : ["Kamagra For Bitcoin - Same quality as original <b>viagra<\/b> pills, cheap prices, Bitcoin payment\t\t", {
					"@attributes" : {
						"name" : "fileName"
					}
				}, "Kamagra Tablets and Kamagra Oral Jelly Kamagra is the preferred alternative to Viagra\u2122 for customers wishing to use the generic version of this popular treatment for impotence and erectile...\t\t"]
		}, {
			"@attributes" : {
				"score" : "1.366",
				"pos" : "70",
				"docId" : "77623"
			},
			"field" : ["http:\/\/k4btcjyd3gkvocuh.onion\/info2.php", ">0000000007"],
			"snippet" : ["Kamagra For Bitcoin - Same quality as original <b>viagra<\/b> pills, cheap prices, Bitcoin payment\t\t", {
					"@attributes" : {
						"name" : "fileName"
					}
				}, "Kamagra Tablets and Kamagra Oral Jelly Kamagra is the preferred alternative to Viagra\u2122 for customers wishing to use the generic version of this popular treatment for impotence and erectile...\t\t"]
		}, {
			"@attributes" : {
				"score" : "1.366",
				"pos" : "71",
				"docId" : "1087594"
			},
			"field" : ["http:\/\/gexauw6b2azvohdm.onion\/info2.php", ">0000000007"],
			"snippet" : ["Kamagra For Bitcoin - Same quality as original <b>viagra<\/b> pills, cheap prices, Bitcoin payment\t\t", {
					"@attributes" : {
						"name" : "fileName"
					}
				}, "Kamagra Tablets and Kamagra Oral Jelly Kamagra is the preferred alternative to Viagra\u2122 for customers wishing to use the generic version of this popular treatment for impotence and erectile...\t\t"]
		}, {
			"@attributes" : {
				"score" : "1.365",
				"pos" : "72",
				"docId" : "80567"
			},
			"field" : ["http:\/\/kgrapu6ytfyav4zh.onion\/info2.php", ">0000000005"],
			"snippet" : ["Kamagra For Bitcoin - Same quality as original <b>viagra<\/b> pills, cheap prices, Bitcoin payment\t\t", {
					"@attributes" : {
						"name" : "fileName"
					}
				}, "Kamagra Tablets and Kamagra Oral Jelly Kamagra is the preferred alternative to Viagra\u2122 for customers wishing to use the generic version of this popular treatment for impotence and erectile...\t\t"]
		}, {
			"@attributes" : {
				"score" : "1.365",
				"pos" : "73",
				"docId" : "1083000"
			},
			"field" : ["http:\/\/kamagraujn45ja5w.onion\/info2.php", ">0000000005"],
			"snippet" : ["Kamagra For Bitcoin - Same quality as original <b>viagra<\/b> pills, cheap prices, Bitcoin payment\t\t", {
					"@attributes" : {
						"name" : "fileName"
					}
				}, "Kamagra Tablets and Kamagra Oral Jelly Kamagra is the preferred alternative to Viagra\u2122 for customers wishing to use the generic version of this popular treatment for impotence and erectile...\t\t"]
		}, {
			"@attributes" : {
				"score" : "1.364",
				"pos" : "74",
				"docId" : "1086835"
			},
			"field" : ["http:\/\/gexauw6b2azvohdm.onion\/", ">0000000012"],
			"snippet" : ["Kamagra For Bitcoin - Same quality as original <b>viagra<\/b> pills, cheap prices, Bitcoin payment\t\t", {
					"@attributes" : {
						"name" : "fileName"
					}
				}, "Kamagra Effervescent Generic Viagra\u2122 Tablets are used in the treatment of erectile dysfunction and contain 100mg of the active ingredient sildenafil citrate. Simply drop one of the tablets in a small...\t\t"]
		}, {
			"@attributes" : {
				"score" : "1.363",
				"pos" : "75",
				"docId" : "80573"
			},
			"field" : ["http:\/\/kgrapu6ytfyav4zh.onion\/", ">0000000011"],
			"snippet" : ["Kamagra For Bitcoin - Same quality as original <b>viagra<\/b> pills, cheap prices, Bitcoin payment\t\t", {
					"@attributes" : {
						"name" : "fileName"
					}
				}, "Kamagra Effervescent Generic Viagra\u2122 Tablets are used in the treatment of erectile dysfunction and contain 100mg of the active ingredient sildenafil citrate. Simply drop one of the tablets in a small...\t\t"]
		}, {
			"@attributes" : {
				"score" : "1.363",
				"pos" : "76",
				"docId" : "1083006"
			},
			"field" : ["http:\/\/kamagraujn45ja5w.onion\/", ">0000000010"],
			"snippet" : ["Kamagra For Bitcoin - Same quality as original <b>viagra<\/b> pills, cheap prices, Bitcoin payment\t\t", {
					"@attributes" : {
						"name" : "fileName"
					}
				}, "Kamagra Effervescent Generic Viagra\u2122 Tablets are used in the treatment of erectile dysfunction and contain 100mg of the active ingredient sildenafil citrate. Simply drop one of the tablets in a small...\t\t"]
		}, {
			"@attributes" : {
				"score" : "1.363",
				"pos" : "77",
				"docId" : "1080979"
			},
			"field" : ["http:\/\/k4btcoezc5tlxyaf.onion\/info.php", ">0000000007"],
			"snippet" : ["Kamagra For Bitcoin - Same quality as original <b>viagra<\/b> pills, cheap prices, Bitcoin payment\t\t", {
					"@attributes" : {
						"name" : "fileName"
					}
				}, "The internet is awash with fake Viagra\/Cialis from China. We will NEVER sell these items as they do not work and in extreme cases they can be dangerous. By purchasing from us you will only ever get...\t\t"]
		}, {
			"@attributes" : {
				"score" : "1.363",
				"pos" : "78",
				"docId" : "1087593"
			},
			"field" : ["http:\/\/gexauw6b2azvohdm.onion\/info.php", ">0000000007"],
			"snippet" : ["Kamagra For Bitcoin - Same quality as original <b>viagra<\/b> pills, cheap prices, Bitcoin payment\t\t", {
					"@attributes" : {
						"name" : "fileName"
					}
				}, "The internet is awash with fake Viagra\/Cialis from China. We will NEVER sell these items as they do not work and in extreme cases they can be dangerous. By purchasing from us you will only ever get...\t\t"]
		}, {
			"@attributes" : {
				"score" : "1.363",
				"pos" : "79",
				"docId" : "77622"
			},
			"field" : ["http:\/\/k4btcjyd3gkvocuh.onion\/info.php", ">0000000007"],
			"snippet" : ["Kamagra For Bitcoin - Same quality as original <b>viagra<\/b> pills, cheap prices, Bitcoin payment\t\t", {
					"@attributes" : {
						"name" : "fileName"
					}
				}, "The internet is awash with fake Viagra\/Cialis from China. We will NEVER sell these items as they do not work and in extreme cases they can be dangerous. By purchasing from us you will only ever get...\t\t"]
		}, {
			"@attributes" : {
				"score" : "1.362",
				"pos" : "80",
				"docId" : "1083008"
			},
			"field" : ["http:\/\/kamagraujn45ja5w.onion\/info.php", ">0000000005"],
			"snippet" : ["Kamagra For Bitcoin - Same quality as original <b>viagra<\/b> pills, cheap prices, Bitcoin payment\t\t", {
					"@attributes" : {
						"name" : "fileName"
					}
				}, "The internet is awash with fake Viagra\/Cialis from China. We will NEVER sell these items as they do not work and in extreme cases they can be dangerous. By purchasing from us you will only ever get...\t\t"]
		}, {
			"@attributes" : {
				"score" : "1.362",
				"pos" : "81",
				"docId" : "80566"
			},
			"field" : ["http:\/\/kgrapu6ytfyav4zh.onion\/info.php", ">0000000005"],
			"snippet" : ["Kamagra For Bitcoin - Same quality as original <b>viagra<\/b> pills, cheap prices, Bitcoin payment\t\t", {
					"@attributes" : {
						"name" : "fileName"
					}
				}, "The internet is awash with fake Viagra\/Cialis from China. We will NEVER sell these items as they do not work and in extreme cases they can be dangerous. By purchasing from us you will only ever get...\t\t"]
		}, {
			"@attributes" : {
				"score" : "1.361",
				"pos" : "82",
				"docId" : "77621"
			},
			"field" : ["http:\/\/k4btcjyd3gkvocuh.onion\/index.php", ">0000000007"],
			"snippet" : ["Kamagra For Bitcoin - Same quality as original <b>viagra<\/b> pills, cheap prices, Bitcoin payment\t\t", {
					"@attributes" : {
						"name" : "fileName"
					}
				}, "Kamagra Effervescent Generic Viagra\u2122 Tablets are used in the treatment of erectile dysfunction and contain 100mg of the active ingredient sildenafil citrate. Simply drop one of the tablets in a small...\t\t"]
		}, {
			"@attributes" : {
				"score" : "1.361",
				"pos" : "83",
				"docId" : "1080985"
			},
			"field" : ["http:\/\/k4btcoezc5tlxyaf.onion\/index.php", ">0000000007"],
			"snippet" : ["Kamagra For Bitcoin - Same quality as original <b>viagra<\/b> pills, cheap prices, Bitcoin payment\t\t", {
					"@attributes" : {
						"name" : "fileName"
					}
				}, "Kamagra Effervescent Generic Viagra\u2122 Tablets are used in the treatment of erectile dysfunction and contain 100mg of the active ingredient sildenafil citrate. Simply drop one of the tablets in a small...\t\t"]
		}, {
			"@attributes" : {
				"score" : "1.361",
				"pos" : "84",
				"docId" : "1087592"
			},
			"field" : ["http:\/\/gexauw6b2azvohdm.onion\/index.php", ">0000000007"],
			"snippet" : ["Kamagra For Bitcoin - Same quality as original <b>viagra<\/b> pills, cheap prices, Bitcoin payment\t\t", {
					"@attributes" : {
						"name" : "fileName"
					}
				}, "Kamagra Effervescent Generic Viagra\u2122 Tablets are used in the treatment of erectile dysfunction and contain 100mg of the active ingredient sildenafil citrate. Simply drop one of the tablets in a small...\t\t"]
		}, {
			"@attributes" : {
				"score" : "1.361",
				"pos" : "85",
				"docId" : "1083002"
			},
			"field" : ["http:\/\/kamagraujn45ja5w.onion", ">0000000006"],
			"snippet" : ["Kamagra For Bitcoin - Same quality as original <b>viagra<\/b> pills, cheap prices, Bitcoin payment\t\t", {
					"@attributes" : {
						"name" : "fileName"
					}
				}, "Kamagra Effervescent Generic Viagra\u2122 Tablets are used in the treatment of erectile dysfunction and contain 100mg of the active ingredient sildenafil citrate. Simply drop one of the tablets in a small...\t\t"]
		}, {
			"@attributes" : {
				"score" : "1.36",
				"pos" : "86",
				"docId" : "80574"
			},
			"field" : ["http:\/\/kgrapu6ytfyav4zh.onion\/index.php", ">0000000005"],
			"snippet" : ["Kamagra For Bitcoin - Same quality as original <b>viagra<\/b> pills, cheap prices, Bitcoin payment\t\t", {
					"@attributes" : {
						"name" : "fileName"
					}
				}, "Kamagra Effervescent Generic Viagra\u2122 Tablets are used in the treatment of erectile dysfunction and contain 100mg of the active ingredient sildenafil citrate. Simply drop one of the tablets in a small...\t\t"]
		}, {
			"@attributes" : {
				"score" : "1.36",
				"pos" : "87",
				"docId" : "1083007"
			},
			"field" : ["http:\/\/kamagraujn45ja5w.onion\/index.php", ">0000000005"],
			"snippet" : ["Kamagra For Bitcoin - Same quality as original <b>viagra<\/b> pills, cheap prices, Bitcoin payment\t\t", {
					"@attributes" : {
						"name" : "fileName"
					}
				}, "Kamagra Effervescent Generic Viagra\u2122 Tablets are used in the treatment of erectile dysfunction and contain 100mg of the active ingredient sildenafil citrate. Simply drop one of the tablets in a small...\t\t"]
		}, {
			"@attributes" : {
				"score" : "1.359",
				"pos" : "88",
				"docId" : "1080984"
			},
			"field" : ["http:\/\/k4btcoezc5tlxyaf.onion", ">0000000003"],
			"snippet" : ["Kamagra For Bitcoin - Same quality as original <b>viagra<\/b> pills, cheap prices, Bitcoin payment\t\t", {
					"@attributes" : {
						"name" : "fileName"
					}
				}, "Kamagra Effervescent Generic Viagra\u2122 Tablets are used in the treatment of erectile dysfunction and contain 100mg of the active ingredient sildenafil citrate. Simply drop one of the tablets in a small...\t\t"]
		}, {
			"@attributes" : {
				"score" : "1.358",
				"pos" : "89",
				"docId" : "1087591"
			},
			"field" : ["http:\/\/gexauw6b2azvohdm.onion", ">0000000002"],
			"snippet" : ["Kamagra For Bitcoin - Same quality as original <b>viagra<\/b> pills, cheap prices, Bitcoin payment\t\t", {
					"@attributes" : {
						"name" : "fileName"
					}
				}, "Kamagra Effervescent Generic Viagra\u2122 Tablets are used in the treatment of erectile dysfunction and contain 100mg of the active ingredient sildenafil citrate. Simply drop one of the tablets in a small...\t\t"]
		}, {
			"@attributes" : {
				"score" : "1.358",
				"pos" : "90",
				"docId" : "77626"
			},
			"field" : ["http:\/\/k4btcjyd3gkvocuh.onion", ">0000000002"],
			"snippet" : ["Kamagra For Bitcoin - Same quality as original <b>viagra<\/b> pills, cheap prices, Bitcoin payment\t\t", {
					"@attributes" : {
						"name" : "fileName"
					}
				}, "Kamagra Effervescent Generic Viagra\u2122 Tablets are used in the treatment of erectile dysfunction and contain 100mg of the active ingredient sildenafil citrate. Simply drop one of the tablets in a small...\t\t"]
		}, {
			"@attributes" : {
				"score" : "1.358",
				"pos" : "91",
				"docId" : "80571"
			},
			"field" : ["http:\/\/kgrapu6ytfyav4zh.onion", ">0000000001"],
			"snippet" : ["Kamagra For Bitcoin - Same quality as original <b>viagra<\/b> pills, cheap prices, Bitcoin payment\t\t", {
					"@attributes" : {
						"name" : "fileName"
					}
				}, "Kamagra Effervescent Generic Viagra\u2122 Tablets are used in the treatment of erectile dysfunction and contain 100mg of the active ingredient sildenafil citrate. Simply drop one of the tablets in a small...\t\t"]
		}, {
			"@attributes" : {
				"score" : "1.335",
				"pos" : "92",
				"docId" : "583574"
			},
			"field" : ["http:\/\/do7dt6vuskgrz3sa.onion\/search\/Generic+Viagra", ">0000000009"],
			"snippet" : ["Buy anabolic injectable steroids, anabolics for sale online \t\t", {
					"@attributes" : {
						"name" : "fileName"
					}
				}, "Delgra-100 [Generic Viagra] (Sildenafil citrate) Delta Enterprises (India) 30 Tabs x 100mg Total 3000mg\u00a0\u00a0-\u00a0\u00a0 120...Pregnyl (HCG) Organon (Greece) 3 X 5000 IU in amp & 3 X 1ml amp of water solution\u00a0\u00a0-\u00a0\u00a0...\t\t"]
		}, {
			"@attributes" : {
				"score" : "1.333",
				"pos" : "93",
				"docId" : "766658"
			},
			"field" : ["http:\/\/2c5whdbcb6m2c2xx.onion\/de\/search\/Generic+Viagra", ">0000000005"],
			"snippet" : ["Buy anabolic injectable steroids, anabolics for sale online \t\t", {
					"@attributes" : {
						"name" : "fileName"
					}
				}, "Buy Delgra-100 [Generic Viagra] (Sildenafil citrate) - Delta Enterprises (India)...Add to cart:...30 Tabs x 100mg Total 3000mg...$ 120...Buy Exedrol [Aromasin] (Exemestane) - generic (Turkey)...HQ Pharm...\t\t"]
		}, {
			"@attributes" : {
				"score" : "1.333",
				"pos" : "94",
				"docId" : "768360"
			},
			"field" : ["http:\/\/2c5whdbcb6m2c2xx.onion\/fr\/search\/Generic+Viagra", ">0000000005"],
			"snippet" : ["Buy anabolic injectable steroids, anabolics for sale online \t\t", {
					"@attributes" : {
						"name" : "fileName"
					}
				}, "Buy Delgra-100 [Generic Viagra] (Sildenafil citrate) - Delta Enterprises (India)...Add to cart:...30 Tabs x 100mg Total 3000mg...$ 120...Buy Exedrol [Aromasin] (Exemestane) - generic (Turkey)...HQ Pharm...\t\t"]
		}, {
			"@attributes" : {
				"score" : "1.333",
				"pos" : "95",
				"docId" : "768361"
			},
			"field" : ["http:\/\/2c5whdbcb6m2c2xx.onion\/pt\/search\/Generic+Viagra", ">0000000005"],
			"snippet" : ["Buy anabolic injectable steroids, anabolics for sale online \t\t", {
					"@attributes" : {
						"name" : "fileName"
					}
				}, "Buy Delgra-100 [Generic Viagra] (Sildenafil citrate) - Delta Enterprises (India)...Add to cart:...30 Tabs x 100mg Total 3000mg...$ 120...Buy Exedrol [Aromasin] (Exemestane) - generic (Turkey)...HQ Pharm...\t\t"]
		}, {
			"@attributes" : {
				"score" : "1.333",
				"pos" : "96",
				"docId" : "781129"
			},
			"field" : ["http:\/\/2c5whdbcb6m2c2xx.onion\/it\/search\/Generic+Viagra", ">0000000004"],
			"snippet" : ["Buy anabolic injectable steroids, anabolics for sale online \t\t", {
					"@attributes" : {
						"name" : "fileName"
					}
				}, "Buy Delgra-100 [Generic Viagra] (Sildenafil citrate) - Delta Enterprises (India)...Add to cart:...30 Tabs x 100mg Total 3000mg...$ 120...Buy Exedrol [Aromasin] (Exemestane) - generic (Turkey)...HQ Pharm...\t\t"]
		}, {
			"@attributes" : {
				"score" : "1.332",
				"pos" : "97",
				"docId" : "244457"
			},
			"field" : ["http:\/\/do7dt6vuskgrz3sa.onion\/fr\/search\/Generic+Viagra", ">0000000005"],
			"snippet" : ["Buy anabolic injectable steroids, anabolics for sale online \t\t", {
					"@attributes" : {
						"name" : "fileName"
					}
				}, "Delgra-100 [Generic Viagra] (Sildenafil citrate) Delta Enterprises (India) 30 Tabs x 100mg Total 3000mg\u00a0\u00a0-\u00a0\u00a0 120...Pregnyl (HCG) Organon (Greece) 3 X 5000 IU in amp & 3 X 1ml amp of water solution\u00a0\u00a0-\u00a0\u00a0...\t\t"]
		}, {
			"@attributes" : {
				"score" : "1.332",
				"pos" : "98",
				"docId" : "244467"
			},
			"field" : ["http:\/\/do7dt6vuskgrz3sa.onion\/it\/search\/Generic+Viagra", ">0000000005"],
			"snippet" : ["Buy anabolic injectable steroids, anabolics for sale online \t\t", {
					"@attributes" : {
						"name" : "fileName"
					}
				}, "Delgra-100 [Generic Viagra] (Sildenafil citrate) Delta Enterprises (India) 30 Tabs x 100mg Total 3000mg\u00a0\u00a0-\u00a0\u00a0 120...Pregnyl (HCG) Organon (Greece) 3 X 5000 IU in amp & 3 X 1ml amp of water solution\u00a0\u00a0-\u00a0\u00a0...\t\t"]
		}, {
			"@attributes" : {
				"score" : "1.332",
				"pos" : "99",
				"docId" : "244480"
			},
			"field" : ["http:\/\/do7dt6vuskgrz3sa.onion\/pt\/search\/Generic+Viagra", ">0000000005"],
			"snippet" : ["Buy anabolic injectable steroids, anabolics for sale online \t\t", {
					"@attributes" : {
						"name" : "fileName"
					}
				}, "Delgra-100 [Generic Viagra] (Sildenafil citrate) Delta Enterprises (India) 30 Tabs x 100mg Total 3000mg\u00a0\u00a0-\u00a0\u00a0 120...Pregnyl (HCG) Organon (Greece) 3 X 5000 IU in amp & 3 X 1ml amp of water solution\u00a0\u00a0-\u00a0\u00a0...\t\t"]
		}
	]
}