[
	{
		"id" : 399064019,
		"id_str" : "399064019",
		"name" : "Diego Collarana",
		"screen_name" : "collarad",
		"location" : "Bonn",
		"description" : "",
		"url" : "http:\/\/t.co\/Q1kDCBEldW",
		"entities" : {
			"url" : {
				"urls" : [{
						"url" : "http:\/\/t.co\/Q1kDCBEldW",
						"expanded_url" : "http:\/\/es.linkedin.com\/pub\/diego-collarana\/27\/b61\/60a",
						"display_url" : "es.linkedin.com\/pub\/diego-coll\u2026",
						"indices" : [0, 22]
					}
				]
			},
			"description" : {
				"urls" : []
			}
		},
		"protected" : false,
		"followers_count" : 38,
		"friends_count" : 45,
		"listed_count" : 1,
		"created_at" : "Wed Oct 26 23:04:44 +0000 2011",
		"favourites_count" : 22,
		"utc_offset" : null,
		"time_zone" : null,
		"geo_enabled" : false,
		"verified" : false,
		"statuses_count" : 36,
		"lang" : "en",
		"status" : {
			"created_at" : "Wed Feb 03 15:59:21 +0000 2016",
			"id" : 694913068900425728,
			"id_str" : "694913068900425728",
			"text" : "A small step in my Ph.D. project. FuhSen Demo Paper accepted at #www2016",
			"source" : "\u003ca href=\"http:\/\/twitter.com\" rel=\"nofollow\"\u003eTwitter Web Client\u003c\/a\u003e",
			"truncated" : false,
			"in_reply_to_status_id" : null,
			"in_reply_to_status_id_str" : null,
			"in_reply_to_user_id" : null,
			"in_reply_to_user_id_str" : null,
			"in_reply_to_screen_name" : null,
			"geo" : null,
			"coordinates" : null,
			"place" : null,
			"contributors" : null,
			"is_quote_status" : false,
			"retweet_count" : 0,
			"favorite_count" : 0,
			"entities" : {
				"hashtags" : [{
						"text" : "www2016",
						"indices" : [64, 72]
					}
				],
				"symbols" : [],
				"user_mentions" : [],
				"urls" : []
			},
			"favorited" : false,
			"retweeted" : false,
			"lang" : "en"
		},
		"contributors_enabled" : false,
		"is_translator" : false,
		"is_translation_enabled" : false,
		"profile_background_color" : "C0DEED",
		"profile_background_image_url" : "http:\/\/abs.twimg.com\/images\/themes\/theme1\/bg.png",
		"profile_background_image_url_https" : "https:\/\/abs.twimg.com\/images\/themes\/theme1\/bg.png",
		"profile_background_tile" : false,
		"profile_image_url" : "http:\/\/pbs.twimg.com\/profile_images\/2175489201\/Dic01_normal.png",
		"profile_image_url_https" : "https:\/\/pbs.twimg.com\/profile_images\/2175489201\/Dic01_normal.png",
		"profile_link_color" : "0084B4",
		"profile_sidebar_border_color" : "C0DEED",
		"profile_sidebar_fill_color" : "DDEEF6",
		"profile_text_color" : "333333",
		"profile_use_background_image" : true,
		"has_extended_profile" : false,
		"default_profile" : true,
		"default_profile_image" : false,
		"following" : false,
		"follow_request_sent" : false,
		"notifications" : false
	}
]