{
  "users": [
     {
      "id": "123456_abcdef",
      "academic_title": null,
      "first_name": "Max",
      "last_name": "Mustermann",
      "display_name": "Max Mustermann",
      "page_name": "Max_Mustermann",
      "permalink": "https://www.xing.com/profile/Max_Mustermann",
      "employment_status": "EMPLOYEE",
      "gender": "m",
      "birth_date": {
        "day": 12,
        "month": 8,
        "year": 1963
      },
      "active_email": "max.mustermann@xing.com",
      "time_zone": {
        "name": "Europe/Copenhagen",
        "utc_offset": 2.0
      },
      "premium_services": [
        "SEARCH",
        "PRIVATEMESSAGES"
      ],
      "badges": [
        "PREMIUM",
        "MODERATOR"
      ],
      "wants": "einen neuen Job",
      "haves": "viele tolle Skills",
      "interests": "Flitzebogen schießen and so on",
      "organisation_member": "ACM, GI",
      "languages": {
        "de": "NATIVE",
        "en": "FLUENT",
        "fr": null,
        "zh": "BASIC"
      },
      "private_address": {
        "city": "Hamburg",
        "country": "DE",
        "zip_code": "20357",
        "street": "Privatstraße 1",
        "phone": "49|40|1234560",
        "fax": "||",
        "province": "Hamburg",
        "email": "max@mustermann.de",
        "mobile_phone": "49|0155|1234567"
      },
      "business_address": {
        "city": "Hamburg",
        "country": "DE",
        "zip_code": "20357",
        "street": "Geschäftsstraße 1a",
        "phone": "49|40|1234569",
        "fax": "49|40|1234561",
        "province": "Hamburg",
        "email": "max.mustermann@xing.com",
        "mobile_phone": "49|160|66666661"
      },
      "web_profiles": {
        "qype": [
          "http://qype.de/users/foo"
        ],
        "google+": [
          "http://plus.google.com/foo"
        ],
        "other": [
          "http://blog.example.org"
        ],
        "homepage": [
          "http://example.org",
          "http://other-example.org"
        ]
      },
      "instant_messaging_accounts": {
        "skype": "1122334455",
        "googletalk": "max.mustermann"
      },
      "professional_experience": {
        "primary_company": {
          "id": "1_abcdef",
          "name": "XING AG",
          "title": "Softwareentwickler",
          "company_size": "201-500",
          "tag": null,
          "url": "http://www.xing.com",
          "career_level": "PROFESSIONAL_EXPERIENCED",
          "begin_date": "2010-01",
          "description": null,
          "end_date": null,
          "industry": "INTERNET",
          "industries": [
            {
              "id": 90700,
              "localized_name": "Internet and online media"
            }
          ],
          "form_of_employment": "FULL_TIME_EMPLOYEE",
          "until_now": true,
          "discipline": {
            "id": "12_05e01e",
            "key": "IT_AND_SOFTWARE_DEVELOPMENT"
          }
        },
        "companies": [
          {
            "id": "1_abcdef",
            "name": "XING AG",
            "title": "Softwareentwickler",
            "company_size": "201-500",
            "tag": null,
            "url": "http://www.xing.com",
            "career_level": "PROFESSIONAL_EXPERIENCED",
            "begin_date": "2010-01",
            "description": null,
            "end_date": null,
            "industry": "INTERNET",
            "industries": [
              {
                "id": 90700,
                "localized_name": "Internet and online media"
              }
            ],
            "form_of_employment": "FULL_TIME_EMPLOYEE",
            "until_now": true,
            "discipline": {
              "id": "12_05e01e",
              "key": "IT_AND_SOFTWARE_DEVELOPMENT"
            }
          },
          {
            "id": "24_abcdef",
            "name": "Ninja Ltd.",
            "title": "DevOps",
            "company_size": null,
            "tag": "NINJA",
            "url": "http://www.ninja-ltd.co.uk",
            "career_level": null,
            "begin_date": "2009-04",
            "description": null,
            "end_date": "2010-07",
            "industry": "SPORTS",
            "industries": [
              {
                "id": 220800,
                "localized_name": "Athletes, organisers and associations"
              }
            ],
            "form_of_employment": "OWNER",
            "until_now": false,
            "discipline": {
              "id": "12_05e01e",
              "key": "IT_AND_SOFTWARE_DEVELOPMENT"
            }
          },
          {
            "id": "45_abcdef",
            "name": null,
            "title": "Wiss. Mitarbeiter",
            "company_size": null,
            "tag": "OFFIS",
            "url": "http://www.uni.de",
            "career_level": null,
            "begin_date": "2007",
            "description": null,
            "end_date": "2008",
            "industry": "APPAREL_AND_FASHION",
            "industries": [
              {
                "id": 20400,
                "localized_name": "Fashion and textiles"
              }
            ],
            "form_of_employment": "PART_TIME_EMPLOYEE",
            "until_now": false,
            "discipline": {
              "id": "9_5e231a",
              "key": "TEACHING_R_AND_D"
            }
          },
          {
            "id": "176_abcdef",
            "name": null,
            "title": "TEST NINJA",
            "company_size": "201-500",
            "tag": "TESTCOMPANY",
            "url": null,
            "career_level": "ENTRY_LEVEL",
            "begin_date": "1998-12",
            "description": null,
            "end_date": "1999-05",
            "industry": "SPORTS",
            "industries": [
              {
                "id": 220800,
                "localized_name": "Athletes, organisers and associations"
              }
            ],
            "form_of_employment": "INTERN",
            "until_now": false,
            "discipline": null
          }
        ],
        "awards": [
          {
            "name": "Awesome Dude Of The Year",
            "date_awarded": 2007,
            "url": null
          }
        ]
      },
      "educational_background": {
        "degree": "MSc CE/CS",
        "primary_school": {
          "id": "42_abcdef",
          "name": "Carl-von-Ossietzky Universtät Schellenburg",
          "degree": "MSc CE/CS",
          "notes": null,
          "subject": null,
          "begin_date": "1998-08",
          "end_date": "2005-02"
        },
        "schools": [
          {
            "id": "42_abcdef",
            "name": "Carl-von-Ossietzky Universtät Schellenburg",
            "degree": "MSc CE/CS",
            "notes": null,
            "subject": null,
            "begin_date": "1998-08",
            "end_date": "2005-02"
          }
        ],
        "qualifications": [
          "TOEFLS",
          "PADI AOWD"
        ]
      },
      "photo_urls": {
        "large": "http://www.xing.com/img/users/e/3/d/f94ef165a.123456,1.140x185.jpg",
        "maxi_thumb": "http://www.xing.com/img/users/e/3/d/f94ef165a.123456,1.70x93.jpg",
        "medium_thumb": "http://www.xing.com/img/users/e/3/d/f94ef165a.123456,1.57x75.jpg",
        "mini_thumb": "http://www.xing.com/img/users/e/3/d/f94ef165a.123456,1.18x24.jpg",
        "thumb": "http://www.xing.com/img/users/e/3/d/f94ef165a.123456,1.30x40.jpg",
        "size_32x32": "http://www.xing.com/img/users/e/3/d/f94ef165a.123456,1.32x32.jpg",
        "size_48x48": "http://www.xing.com/img/users/e/3/d/f94ef165a.123456,1.48x48.jpg",
        "size_64x64": "http://www.xing.com/img/users/e/3/d/f94ef165a.123456,1.64x64.jpg",
        "size_96x96": "http://www.xing.com/img/users/e/3/d/f94ef165a.123456,1.96x96.jpg",
        "size_128x128": "http://www.xing.com/img/users/e/3/d/f94ef165a.123456,1.128x128.jpg",
        "size_192x192": "http://www.xing.com/img/users/e/3/d/f94ef165a.123456,1.192x192.jpg",
        "size_256x256": "http://www.xing.com/img/users/e/3/d/f94ef165a.123456,1.256x256.jpg",
        "size_1024x1024": "http://www.xing.com/img/users/e/3/d/f94ef165a.123456,1.1024x1024.jpg",
        "size_original": "http://www.xing.com/img/users/e/3/d/f94ef165a.123456,1.original.jpg"
      }
    }
  ]
}
